Timestamp,Sensor_ID,Pressure (bar),Flow Rate (L/s),Temperature (Â°C),Leak Status,Burst Status
2024-01-01 00:00:00,S007,3.6948144802903493,77.51521847992457,21.69536500409154,0,0
2024-01-01 00:05:00,S007,2.5871254182522994,179.92642186624028,19.01672517614813,0,0
2024-01-01 00:10:00,S002,2.448964723482877,210.1308230369969,10.011681487615215,1,0
2024-01-01 00:15:00,S009,2.936843710297063,141.77793420835692,12.092407909780627,0,0
2024-01-01 00:20:00,S003,3.073692986900744,197.48463287101822,17.0014433987197,0,0
2024-01-01 00:25:00,S009,2.5975773894779195,192.33283058799998,24.48448049611839,0,0
2024-01-01 00:30:00,S005,2.8463407384332235,86.15381990390176,20.248952782381874,0,0
2024-01-01 00:35:00,S003,3.863980603118173,88.81699724000254,19.937834265309732,0,0
2024-01-01 00:40:00,S010,3.351550491729987,54.69699386833379,22.634271618924977,0,0
2024-01-01 00:45:00,S004,3.3968499682166278,188.2811352534675,11.327387530778793,0,0
2024-01-01 00:50:00,S008,3.766800773017227,162.09801652060713,18.095381985836198,0,0
2024-01-01 00:55:00,S009,2.9444102585561236,74.79004085945037,10.234546101117909,0,0
2024-01-01 01:00:00,S008,2.5082831756854036,172.31921426822512,20.602860157714257,0,0
2024-01-01 01:05:00,S005,3.8894513177700234,147.66155382529166,23.724395133156712,0,0
2024-01-01 01:10:00,S001,2.5953375254290356,96.64734825734934,14.877749830401205,0,0
2024-01-01 01:15:00,S003,3.208322387742924,67.93913689074526,20.698671808344926,0,0
2024-01-01 01:20:00,S007,2.560650384307647,156.5994334528681,11.663362312177469,0,0
2024-01-01 01:25:00,S007,3.2130553347731676,134.49133579645755,20.43274129639191,0,0
2024-01-01 01:30:00,S004,3.9142803558369716,139.8298199732804,20.42177399559557,0,0
2024-01-01 01:35:00,S009,2.658241389745406,118.48018557243654,13.276606558252503,0,0
2024-01-01 01:40:00,S010,2.68313193205101,103.44467571154624,23.60242662318631,0,0
2024-01-01 01:45:00,S009,3.72702214888374,179.10958748845152,10.10428195796786,0,0
2024-01-01 01:50:00,S005,3.5386540493354053,90.41185006977821,13.661882833716612,0,0
2024-01-01 01:55:00,S008,3.554528438342767,104.5444403568941,24.57673124081441,0,0
2024-01-01 02:00:00,S002,3.568405884886663,72.21303949300999,24.966107275734128,0,0
2024-01-01 02:05:00,S006,2.5495760993508227,101.76068720400245,19.51527017052046,0,0
2024-01-01 02:10:00,S010,3.978475681165901,86.30829072672506,20.08203321108818,0,0
2024-01-01 02:15:00,S006,3.05167469907888,144.84587458903692,19.50294566141342,0,0
2024-01-01 02:20:00,S001,2.726076315948144,126.2298165111078,20.43719210186323,0,0
2024-01-01 02:25:00,S004,2.5248817433917843,126.81395874489215,13.39743662796907,0,0
2024-01-01 02:30:00,S001,3.0963580316312838,127.66270257912201,22.565651588609917,0,0
2024-01-01 02:35:00,S002,3.887040427417844,181.60090300714714,13.869124415727335,0,0
2024-01-01 02:40:00,S009,3.2749538369065214,89.12437622456136,24.943805496368867,0,0
2024-01-01 02:45:00,S007,3.008544686573051,102.38143619189913,20.88933518305359,0,0
2024-01-01 02:50:00,S008,3.8316551481414396,177.63926731512692,24.034524913314215,0,0
2024-01-01 02:55:00,S003,3.0584241498426143,191.02001636866677,24.60495755132976,0,0
2024-01-01 03:00:00,S002,3.53784279653904,147.79418892539007,13.364039641908397,0,0
2024-01-01 03:05:00,S005,2.768234063831993,104.97031768742899,21.162557845848433,0,0
2024-01-01 03:10:00,S003,3.454498927278843,87.56927279083763,18.848062713408158,0,0
2024-01-01 03:15:00,S008,3.4467079389958943,169.22169553124726,17.539556396577883,0,0
2024-01-01 03:20:00,S005,2.8452779023623327,124.87900698271285,18.580062988137747,0,0
2024-01-01 03:25:00,S005,3.8252410333993883,162.15781608461208,24.2960777053593,0,0
2024-01-01 03:30:00,S003,3.9704973755740687,61.301938400919234,14.585455289307728,0,0
2024-01-01 03:35:00,S003,2.7542391200291387,133.52018936875254,24.042321612411715,0,0
2024-01-01 03:40:00,S008,2.8133780764230405,150.6715275236076,15.379701719442458,0,0
2024-01-01 03:45:00,S010,3.6111529266313065,154.5523611492902,20.53726125980664,0,0
2024-01-01 03:50:00,S007,3.129671284669415,88.43104153916872,19.17270566298521,0,0
2024-01-01 03:55:00,S004,3.6974427684501627,147.49458961666477,20.529503158865552,0,0
2024-01-01 04:00:00,S007,2.541425157810557,136.8297343261338,16.577111845271304,0,0
2024-01-01 04:05:00,S010,3.313966952061365,92.98118781924266,18.862498908535162,0,0
2024-01-01 04:10:00,S006,2.9548982720098342,130.5623640794983,14.899768626940613,0,0
2024-01-01 04:15:00,S005,3.1858977424205928,176.30346125179722,12.915700509923095,0,0
2024-01-01 04:20:00,S008,3.5891370005839924,196.37781191938018,17.74450522451793,0,0
2024-01-01 04:25:00,S003,3.158457131058454,61.76845720133989,10.380261151231863,0,0
2024-01-01 04:30:00,S009,3.5327498511480497,58.729039326266545,23.728205914397208,0,0
2024-01-01 04:35:00,S006,3.571893884050094,149.0296065076597,14.199008454189142,0,0
2024-01-01 04:40:00,S005,3.4175811193515284,112.94000936416849,13.715964842517362,0,0
2024-01-01 04:45:00,S009,3.0128195000746025,63.76985987201628,11.412354824028402,0,0
2024-01-01 04:50:00,S005,3.2112607436309877,64.67512409765023,17.374238126752484,0,0
2024-01-01 04:55:00,S005,3.09775710159606,142.37751470783246,19.526404763014657,0,0
2024-01-01 05:00:00,S010,3.9001544621192243,125.15598258728889,18.09066172600094,0,0
2024-01-01 05:05:00,S007,3.916377395687751,180.07984003325058,19.54605396169017,0,0
2024-01-01 05:10:00,S003,3.4649323276635298,118.73793357372749,18.184251839739026,0,0
2024-01-01 05:15:00,S001,3.477227157786682,81.0026539815118,14.109416909817007,0,0
2024-01-01 05:20:00,S003,3.4273808265068393,100.48313223330896,19.835839530711134,0,0
2024-01-01 05:25:00,S002,2.8910417923538545,124.40561814401093,20.39335538037909,0,0
2024-01-01 05:30:00,S008,3.6026065657058286,170.5221395577273,14.230518588569598,0,0
2024-01-01 05:35:00,S003,3.98575771300101,111.89265153671397,15.580271286891747,0,0
2024-01-01 05:40:00,S005,2.8578952896855103,151.9767169850369,21.098631406710616,0,0
2024-01-01 05:45:00,S001,3.257878558671786,173.96861991616123,14.800744015459177,0,0
2024-01-01 05:50:00,S009,3.7707147161433845,103.2357785694081,24.352013276896844,0,0
2024-01-01 05:55:00,S010,3.447755818254699,117.26682829674796,14.398161575470969,0,0
2024-01-01 06:00:00,S004,3.9192918143225355,167.19440757068037,11.70196903026172,0,0
2024-01-01 06:05:00,S010,3.1622957520600656,183.15562741374495,15.26372518828118,0,0
2024-01-01 06:10:00,S010,3.7554458113560605,180.0303057966262,22.577211456459775,0,0
2024-01-01 06:15:00,S009,3.732790088935534,155.93633407347443,11.220231709628496,0,0
2024-01-01 06:20:00,S001,3.820539952957625,85.50277905231181,23.615405595228196,0,0
2024-01-01 06:25:00,S003,3.6657203738911552,133.76063746037076,16.363330138704644,0,0
2024-01-01 06:30:00,S003,2.880523260809708,110.78031301721256,18.57209537807516,0,0
2024-01-01 06:35:00,S009,3.616317485414947,152.15591406453635,13.56259706938705,0,0
2024-01-01 06:40:00,S009,3.8028986922841903,83.5393757779179,24.44833809160917,0,0
2024-01-01 06:45:00,S005,2.565101174947259,188.6964995335394,23.78673572917989,0,0
2024-01-01 06:50:00,S009,3.2846467662552232,144.40979572028937,20.436230334769256,0,0
2024-01-01 06:55:00,S006,3.07630274706883,160.5651058764529,23.728815125036597,0,0
2024-01-01 07:00:00,S006,3.1834851291785693,143.0198896702305,14.16071774471699,0,0
2024-01-01 07:05:00,S010,2.8440921185574246,89.89068874463584,15.405176428079024,0,0
2024-01-01 07:10:00,S001,2.9196452607534185,111.68100813082793,19.041728230349477,0,0
2024-01-01 07:15:00,S003,3.7338058643847534,192.4699869937886,20.8857926258254,0,0
2024-01-01 07:20:00,S008,3.814992228888689,132.7381808816105,12.472513917055014,0,0
2024-01-01 07:25:00,S002,3.9809141939724166,72.56253366552923,18.911960730282026,0,0
2024-01-01 07:30:00,S001,3.7574930570667067,120.30397396924555,16.222292535064977,0,0
2024-01-01 07:35:00,S006,3.537571595753368,130.15194125441946,21.24866124204958,0,0
2024-01-01 07:40:00,S005,3.917148594823642,177.44710860161172,13.710221526147965,0,0
2024-01-01 07:45:00,S003,2.912097695538863,81.08414735120847,23.173310012187883,0,0
2024-01-01 07:50:00,S008,2.5332771130454526,124.72477799688394,17.143160451835215,0,0
2024-01-01 07:55:00,S001,3.3278602581617283,134.14069573030793,23.149804039875175,0,0
2024-01-01 08:00:00,S007,3.6327058835104284,143.04643270301972,20.561196521488355,0,0
2024-01-01 08:05:00,S002,3.0258813382098957,138.48765302819496,15.883660676495985,0,0
2024-01-01 08:10:00,S004,3.3211694603486674,117.63656711241566,23.657069176049095,0,0
2024-01-01 08:15:00,S001,3.924280935486463,72.06102213935569,23.89881437742242,0,0
2024-01-01 08:20:00,S008,2.5687918996069494,143.12085266331368,15.211201123381214,0,0
2024-01-01 08:25:00,S003,3.305895125071105,119.01787384753581,18.771491589237307,0,0
2024-01-01 08:30:00,S004,2.772820126598717,101.85009249857947,23.45182614859018,0,0
2024-01-01 08:35:00,S002,3.4029030933114406,83.57735988594808,22.32685955266674,0,0
2024-01-01 08:40:00,S006,2.6330538006355835,68.09538066509012,16.911681520490887,0,0
2024-01-01 08:45:00,S010,3.535592242944048,55.89682097616484,21.99115598363564,0,0
2024-01-01 08:50:00,S001,2.9153164722208054,170.9301919689592,21.223895355754877,0,0
2024-01-01 08:55:00,S008,3.226784477786532,142.73821572954438,15.533704593546586,0,0
2024-01-01 09:00:00,S008,2.6996753928812174,153.07482581049965,22.66661008950443,0,0
2024-01-01 09:05:00,S002,3.1711185502351817,129.89258996825347,13.637057554520945,0,0
2024-01-01 09:10:00,S010,3.3459476380282545,176.10649788168968,11.338064930680844,0,0
2024-01-01 09:15:00,S004,3.2109549121458345,103.26564549189571,19.732342604373642,0,0
2024-01-01 09:20:00,S006,3.380261677031319,161.81592112764952,16.47489319344519,0,0
2024-01-01 09:25:00,S006,3.8494710957175187,141.13328334403593,13.665297331969818,0,0
2024-01-01 09:30:00,S009,2.8558401876039916,65.26737089306056,12.292887087764981,0,0
2024-01-01 09:35:00,S008,3.845148136939638,62.03506184924633,17.86767084355382,0,0
2024-01-01 09:40:00,S006,3.096783398568612,195.42056499130533,22.982606888409705,0,0
2024-01-01 09:45:00,S008,3.5843441449326634,173.12922097300287,20.776859062548304,0,0
2024-01-01 09:50:00,S005,2.780565622836285,98.55188546063656,16.38154657924625,0,0
2024-01-01 09:55:00,S001,3.415930063662449,93.29458298603836,18.718573321339186,0,0
2024-01-01 10:00:00,S003,2.5777353052336403,100.49064172908808,12.016220154084614,0,0
2024-01-01 10:05:00,S008,3.7148116687819526,88.19609821456459,20.22254083335894,0,0
2024-01-01 10:10:00,S008,3.409152821583758,169.14341749496936,11.60048875170154,0,0
2024-01-01 10:15:00,S002,2.686445835228317,159.63012128054663,24.075106852315567,0,0
2024-01-01 10:20:00,S008,3.5823948261269156,57.214196594613156,21.72271722627122,0,0
2024-01-01 10:25:00,S003,2.7463986968964895,172.1862080347073,19.977958310443,0,0
2024-01-01 10:30:00,S010,3.088667661133953,172.48991592073656,16.587023628553276,0,0
2024-01-01 10:35:00,S006,3.3096715928719496,115.81170130825086,18.662294063591887,0,0
2024-01-01 10:40:00,S002,3.3153292916709827,185.97081664468203,19.36356993870988,0,0
2024-01-01 10:45:00,S007,3.5958237052139523,154.05764111050075,12.500961399900747,0,0
2024-01-01 10:50:00,S007,3.359726273886083,199.65389238857648,21.28604680058234,0,0
2024-01-01 10:55:00,S001,2.550298652103669,135.48345273069748,21.43688028611036,0,0
2024-01-01 11:00:00,S006,3.3047220272268922,106.82323483353736,16.855003289225174,0,0
2024-01-01 11:05:00,S008,2.724876141023161,84.38770928489623,20.833788525895994,0,0
2024-01-01 11:10:00,S003,3.348262520984461,157.42686120994284,18.9854404716599,0,0
2024-01-01 11:15:00,S008,3.375087692149181,110.12771251454598,16.93008705466199,0,0
2024-01-01 11:20:00,S008,3.258833018326699,141.71813531519717,10.271652757312607,0,0
2024-01-01 11:25:00,S004,3.87812578339112,168.51269556861303,10.345339071814562,0,0
2024-01-01 11:30:00,S010,2.6033823090508283,61.598159823318085,11.563704490777143,0,0
2024-01-01 11:35:00,S001,2.6698570687611327,197.72617984435018,22.583471296689012,0,0
2024-01-01 11:40:00,S006,3.2782570856891082,138.69131536173938,15.985040558051953,0,0
2024-01-01 11:45:00,S004,3.6816848330717384,140.55822975952083,11.714009500835317,0,0
2024-01-01 11:50:00,S006,3.0195189915489418,102.04298028443415,21.062518721646228,0,0
2024-01-01 11:55:00,S003,2.872339664135728,136.64479311373208,12.482699761419607,0,0
2024-01-01 12:00:00,S006,2.8301458211216457,81.90211765118394,17.72760523610219,0,0
2024-01-01 12:05:00,S004,3.1219361855905357,62.80245021179658,24.95311377768921,0,0
2024-01-01 12:10:00,S007,3.140183358005124,169.96730331114043,15.240804985739995,0,0
2024-01-01 12:15:00,S008,3.3811804063511115,94.10670188314573,20.710887996847426,0,0
2024-01-01 12:20:00,S001,3.101144591312989,133.94604969623268,12.328603688960687,0,0
2024-01-01 12:25:00,S007,3.629869331121176,90.84527820804492,23.461456147283265,0,0
2024-01-01 12:30:00,S007,2.7342288960492853,157.39583432710964,19.88385912865227,0,0
2024-01-01 12:35:00,S008,2.794169649540179,125.82618186590507,18.925734695506307,0,0
2024-01-01 12:40:00,S003,3.4791191617778123,85.72741715700897,11.491620891390177,0,0
2024-01-01 12:45:00,S008,3.7102752234438787,194.3973977832312,24.1661458836591,0,0
2024-01-01 12:50:00,S007,3.84450372778168,51.95028852661041,11.28262796281702,0,0
2024-01-01 12:55:00,S003,3.3745623414545385,113.21368258887469,23.390075666154623,0,0
2024-01-01 13:00:00,S010,3.7376609971339896,104.45888182926358,10.513421662307938,0,0
2024-01-01 13:05:00,S009,3.154189793702975,94.16986393128765,24.22679960443235,0,0
2024-01-01 13:10:00,S010,3.348664929949841,197.8050968362602,17.065981790407214,0,0
2024-01-01 13:15:00,S001,2.903016039077419,131.24513219913004,19.50217329739221,0,0
2024-01-01 13:20:00,S004,2.6984143166879955,185.08584518545786,20.368327864144817,0,0
2024-01-01 13:25:00,S005,3.7225816426036857,124.71361302665086,11.007630998735651,0,0
2024-01-01 13:30:00,S007,2.6598680951930116,71.00278079906735,13.955257039519246,0,0
2024-01-01 13:35:00,S002,3.40077529065048,149.7555011819383,12.630569179351744,0,0
2024-01-01 13:40:00,S010,3.133054089326031,103.08070648418742,24.37940765969831,0,0
2024-01-01 13:45:00,S003,2.8680236645219814,108.39434210629648,14.330406051560498,0,0
2024-01-01 13:50:00,S007,3.4156070005119363,192.39601955866485,15.949740595780813,0,0
2024-01-01 13:55:00,S008,2.822410567886135,54.6774702591927,13.933960664497377,0,0
2024-01-01 14:00:00,S002,3.434998826357486,121.13559630505544,15.165755980663498,0,0
2024-01-01 14:05:00,S008,3.1522410079056193,86.96030498586603,22.286534765112997,0,0
2024-01-01 14:10:00,S006,3.3853460003036306,104.14608454100403,11.373731099899512,0,0
2024-01-01 14:15:00,S010,3.5358403486684606,128.1951001120354,11.300578177932755,0,0
2024-01-01 14:20:00,S005,2.525154407640094,196.46671579620426,19.558473696842302,1,0
2024-01-01 14:25:00,S009,3.91608900952992,55.914021705275886,20.58362758773533,0,0
2024-01-01 14:30:00,S005,3.209815177122,96.92822847583813,11.807838681796966,0,0
2024-01-01 14:35:00,S008,3.9565873677480514,191.63997336701507,17.113213249861957,0,0
2024-01-01 14:40:00,S002,3.283651864106753,146.68199759387332,19.75251025664842,0,0
2024-01-01 14:45:00,S002,3.8274975347849214,129.53976989523503,16.615482426222425,0,0
2024-01-01 14:50:00,S008,3.309236938563006,168.60847472584453,14.781287543981048,0,0
2024-01-01 14:55:00,S010,2.1197726708401756,132.53736056645448,16.929142758633816,1,0
2024-01-01 15:00:00,S003,2.6050445586212065,51.422815044274714,10.790257539658429,0,0
2024-01-01 15:05:00,S009,3.3711358108409915,90.75304566035061,15.974310759634534,0,0
2024-01-01 15:10:00,S004,3.6063734523833375,85.81657186524535,11.65711169697092,0,0
2024-01-01 15:15:00,S004,3.573329972851363,138.36628017063424,14.158984685451603,0,0
2024-01-01 15:20:00,S001,3.087445210810534,68.66563359452846,24.346235463391373,0,0
2024-01-01 15:25:00,S006,3.9734957726201223,182.62984671972544,19.01197669663297,0,0
2024-01-01 15:30:00,S007,3.9867529392054646,84.7507552075165,24.140976612026883,0,0
2024-01-01 15:35:00,S010,2.5704180357217195,107.61359172368743,10.550979061399204,0,0
2024-01-01 15:40:00,S005,0.9109769963635751,331.7540809560644,23.256788274451385,0,1
2024-01-01 15:45:00,S002,3.23677951130294,199.45036637100864,23.461542220693058,0,0
2024-01-01 15:50:00,S009,3.389409902262555,137.01293117567167,11.372302560966324,0,0
2024-01-01 15:55:00,S009,2.566564995299855,177.82903000205118,10.531335526278177,0,0
2024-01-01 16:00:00,S002,3.112679819606048,105.9032775518471,13.896306756404893,0,0
2024-01-01 16:05:00,S006,3.0160297658715236,79.91798957540051,23.417198964521013,1,0
2024-01-01 16:10:00,S003,3.737021448887724,102.17138118532895,20.170242288385953,0,0
2024-01-01 16:15:00,S006,3.2818904682706225,180.22412060773203,13.679282983830019,0,0
2024-01-01 16:20:00,S009,3.895135525764608,65.8751140742876,20.484861070593816,0,0
2024-01-01 16:25:00,S010,3.1982050131549755,181.86072203421975,10.077177561320722,0,0
2024-01-01 16:30:00,S007,2.741139844072462,172.69505361785934,22.482012669366128,0,0
2024-01-01 16:35:00,S001,3.339766468463244,67.37657851703865,15.650430429801983,0,0
2024-01-01 16:40:00,S006,2.9250144223983723,52.76415781073262,16.483611758387685,0,0
2024-01-01 16:45:00,S005,2.653764591986019,190.58427308546766,20.318285834512203,0,0
2024-01-01 16:50:00,S001,3.656476438798203,156.2858006903944,17.103608326526327,0,0
2024-01-01 16:55:00,S002,3.8073052092285646,196.02334537660954,24.53316782928537,0,0
2024-01-01 17:00:00,S007,2.5984392168610193,173.22694211111616,15.577502938580869,0,0
2024-01-01 17:05:00,S007,3.1688540595651222,91.04399994224988,24.956867502365668,0,0
2024-01-01 17:10:00,S007,3.290536144317793,173.8881148699845,14.475616464849889,0,0
2024-01-01 17:15:00,S004,3.4817668214217026,90.9889290497314,24.262953433756156,0,0
2024-01-01 17:20:00,S005,3.8642867664217277,178.6040138138748,24.467807084053128,0,0
2024-01-01 17:25:00,S001,2.9811141106571912,158.66340089211755,21.187555180464464,0,0
2024-01-01 17:30:00,S008,3.0527895155856415,179.65373747594555,17.098148600373356,0,0
2024-01-01 17:35:00,S001,2.6367467356092877,73.0487057241669,16.80540451907924,0,0
2024-01-01 17:40:00,S005,3.8677540524398664,195.12668954206666,12.781883120149814,0,0
2024-01-01 17:45:00,S007,2.6877786883038257,152.8347930843457,16.45458842349194,0,0
2024-01-01 17:50:00,S006,3.372957102871598,90.34901066526464,21.96338650955782,0,0
2024-01-01 17:55:00,S008,3.1968978949537155,152.06849395389878,15.93317625819953,0,0
2024-01-01 18:00:00,S009,3.790183595783807,166.97764833400248,10.594282380225357,0,0
2024-01-01 18:05:00,S001,2.6541886067389986,135.63567527662462,10.2755145541081,0,0
2024-01-01 18:10:00,S001,3.339473025230371,51.46562711287755,14.896919623659878,0,0
2024-01-01 18:15:00,S001,3.7367710703452506,103.6702026392407,14.83142053329003,0,0
2024-01-01 18:20:00,S010,3.7008800486636244,80.02253663672151,12.512238733886047,0,0
2024-01-01 18:25:00,S003,3.8443319540275573,139.21649560654043,19.24906872793711,0,0
2024-01-01 18:30:00,S008,3.921025693946558,143.79569903209216,21.751340889124222,0,0
2024-01-01 18:35:00,S004,3.3295021788879375,139.62137939478953,21.75748830128293,0,0
2024-01-01 18:40:00,S010,3.1579108247343077,158.72398398110874,18.899179724652683,0,0
2024-01-01 18:45:00,S003,2.8288209810370666,196.37978837286968,15.053436876566604,0,0
2024-01-01 18:50:00,S007,2.565492486561042,74.2508816220204,10.312917089373071,0,0
2024-01-01 18:55:00,S008,3.9621897432201747,147.54885295204053,12.993136763937176,0,0
2024-01-01 19:00:00,S001,3.7606786094154003,76.12900048673805,24.411708272304654,0,0
2024-01-01 19:05:00,S005,3.0189024888204443,105.6558144476904,24.814743456040866,0,0
2024-01-01 19:10:00,S009,3.1579231287843856,158.78864906227048,17.300034121370544,0,0
2024-01-01 19:15:00,S006,3.4825140082481627,198.81999745110085,14.257817929129676,0,0
2024-01-01 19:20:00,S002,3.447340330138781,159.96695336229214,11.973515276908897,0,0
2024-01-01 19:25:00,S007,3.448810799839459,105.92729557834016,17.689228078087076,0,0
2024-01-01 19:30:00,S009,2.8708466116047657,180.6124851908767,16.679578825039982,0,0
2024-01-01 19:35:00,S002,2.6428922619319395,147.8184868295657,14.682220850446706,0,0
2024-01-01 19:40:00,S005,2.9877850963370425,166.0209688529901,11.963104910775247,0,0
2024-01-01 19:45:00,S010,2.610245120995019,75.46368576313111,17.796609228340266,0,0
2024-01-01 19:50:00,S001,3.1741507528206068,138.18265566655805,24.228750322771507,0,0
2024-01-01 19:55:00,S009,3.408307236467324,103.50980795600026,18.002678879495434,0,0
2024-01-01 20:00:00,S008,3.3780315465951283,180.2406920769888,13.087618150551524,0,0
2024-01-01 20:05:00,S002,2.6844562127944402,84.669636864147,10.775452558622904,0,0
2024-01-01 20:10:00,S005,3.9008125262918574,97.42341574651257,17.608522130325888,0,0
2024-01-01 20:15:00,S005,3.21984562238811,152.89516039744763,10.260696852782194,0,0
2024-01-01 20:20:00,S007,3.1821097834507888,127.33940428688754,17.3326987038538,0,0
2024-01-01 20:25:00,S004,3.55702114410497,80.27801781844225,20.101486499873758,0,0
2024-01-01 20:30:00,S008,2.734245767188261,85.1841940002243,24.450202492305984,0,0
2024-01-01 20:35:00,S007,3.9169213292110348,152.48720424344685,17.45762146012641,0,0
2024-01-01 20:40:00,S008,3.652779046785687,66.96647286148595,21.93265557544605,0,0
2024-01-01 20:45:00,S005,3.5004572754863608,136.5777855067622,15.228605008629557,0,0
2024-01-01 20:50:00,S009,3.7996580012914682,199.00054060379426,21.286416439233587,0,0
2024-01-01 20:55:00,S004,3.4757674716875737,164.77862968336768,23.885122463210678,0,0
2024-01-01 21:00:00,S009,2.975793575148098,180.33509383108566,15.635083778225898,0,0
2024-01-01 21:05:00,S005,2.9868787448504053,104.96923023070968,15.942590374138831,0,0
2024-01-01 21:10:00,S009,3.3947282124781326,131.853033274321,16.666291791268023,0,0
2024-01-01 21:15:00,S008,3.5023191978325245,142.92355190144218,16.952410657008585,0,0
2024-01-01 21:20:00,S002,3.2187728164445963,53.84630987096536,15.118717414392346,0,0
2024-01-01 21:25:00,S005,2.8691044881969976,121.50432125617388,15.915479857275253,0,0
2024-01-01 21:30:00,S005,2.793666978525319,51.13443124672132,19.712120712319045,0,0
2024-01-01 21:35:00,S003,2.5904010854343413,190.16540402082714,15.274340308594516,0,0
2024-01-01 21:40:00,S005,2.9273093529428844,96.09349473894298,22.04538846748995,0,0
2024-01-01 21:45:00,S004,3.5764536788629444,109.98578102062342,24.650878579938684,0,0
2024-01-01 21:50:00,S007,3.521676780947474,77.21575215434405,17.877450755005903,0,0
2024-01-01 21:55:00,S010,2.7778426698211147,187.6628733757066,16.36791137794543,0,0
2024-01-01 22:00:00,S008,3.2897487912306715,66.84565166168288,10.038760222674735,0,0
2024-01-01 22:05:00,S009,3.6906157755707745,146.99088701342902,12.621601642410658,0,0
2024-01-01 22:10:00,S008,3.030132068954077,85.5305838461723,21.70788272865793,0,0
2024-01-01 22:15:00,S007,3.5013248489372057,64.33029707520022,19.357889870148597,0,0
2024-01-01 22:20:00,S001,3.605310617416273,179.41956163148427,13.251097001361636,0,0
2024-01-01 22:25:00,S003,3.410641054133171,132.0046119071105,13.479206441739631,0,0
2024-01-01 22:30:00,S009,3.981678280322331,70.46596288350997,20.427168310713906,0,0
2024-01-01 22:35:00,S007,3.586775277097927,52.373163764837365,15.11635036711331,0,0
2024-01-01 22:40:00,S006,3.367580375509614,91.12409998397088,11.191290534834799,0,0
2024-01-01 22:45:00,S003,3.101781871058474,105.0434118807201,15.15340712163556,0,0
2024-01-01 22:50:00,S002,3.504403924200943,60.48974085641512,19.60252335742249,0,0
2024-01-01 22:55:00,S003,1.6449399536889089,175.48777907379565,14.995028695872968,0,1
2024-01-01 23:00:00,S002,3.169528526796463,100.03543242083006,18.70712510075012,0,0
2024-01-01 23:05:00,S009,2.7557169072608763,111.42167795078058,16.340336700942842,0,0
2024-01-01 23:10:00,S008,3.6931749411845938,189.0766729219179,13.519631227831804,0,0
2024-01-01 23:15:00,S005,3.6057703375108647,165.28997071827627,13.654850740958,0,0
2024-01-01 23:20:00,S006,2.633686648174025,163.29056307452117,11.915702254528522,0,0
2024-01-01 23:25:00,S002,2.5946635496187254,67.64735427103379,13.410359501441482,0,0
2024-01-01 23:30:00,S002,3.905436734546594,133.07033610685644,14.582864659870353,0,0
2024-01-01 23:35:00,S004,3.810004992585772,74.26463170281644,21.794139351356417,0,0
2024-01-01 23:40:00,S004,2.8127657715360037,189.58928219658745,11.74549596828214,0,0
2024-01-01 23:45:00,S008,3.2987217888391394,158.21331009930975,12.119170739132587,0,0
2024-01-01 23:50:00,S005,2.53434073746418,73.06867245020466,13.35421651744467,0,0
2024-01-01 23:55:00,S010,3.7337208454515416,69.87870091127726,22.93021723408934,0,0
2024-01-02 00:00:00,S006,3.7439986077119256,97.62971718151056,24.291962914019415,0,0
2024-01-02 00:05:00,S002,2.6022584640782402,53.87178604242305,12.027494337322342,0,0
2024-01-02 00:10:00,S004,3.1592675329493654,65.84970263926158,19.612394720353095,0,0
2024-01-02 00:15:00,S007,2.7280372796929724,59.20244406660022,21.711423791026597,0,0
2024-01-02 00:20:00,S002,2.58667084149455,154.25528432878298,24.755183878951204,0,0
2024-01-02 00:25:00,S009,3.674044061116224,89.80811137822919,12.666495817768723,0,0
2024-01-02 00:30:00,S004,3.995045280779465,172.0955404259028,19.228291573465164,0,0
2024-01-02 00:35:00,S006,3.1391250758355573,69.60655651102992,23.299063228607,0,0
2024-01-02 00:40:00,S007,3.28825693295296,122.24522698022935,12.653307177157815,0,0
2024-01-02 00:45:00,S007,3.1242309972696423,122.20162274529855,10.28788415234585,0,0
2024-01-02 00:50:00,S010,2.7845422722620157,142.84222895115823,14.852505923672107,0,0
2024-01-02 00:55:00,S005,3.7023056678244846,193.936496648155,17.317810658895436,0,0
2024-01-02 01:00:00,S005,3.766535624109424,64.7123871176367,17.32361705532667,0,0
2024-01-02 01:05:00,S002,3.2140271940531497,106.3832427718654,15.91714417855053,0,0
2024-01-02 01:10:00,S001,3.9330020297558925,168.03550793829424,14.731103436220192,0,0
2024-01-02 01:15:00,S001,3.761307369138884,55.76395234434875,23.52642988203135,0,0
2024-01-02 01:20:00,S002,3.079523364772473,117.51866486296394,13.404470415480462,0,0
2024-01-02 01:25:00,S003,2.658540219859411,198.2412906500197,16.649096311654276,0,0
2024-01-02 01:30:00,S007,3.5744850820940233,60.812650399801,11.06885091647888,0,0
2024-01-02 01:35:00,S005,3.081392847224154,119.29204050064337,24.87382613305411,0,0
2024-01-02 01:40:00,S003,2.777793351801202,76.11640030011264,11.47593474570096,0,0
2024-01-02 01:45:00,S010,2.531417441546369,62.325750121464104,24.517900522675458,0,0
2024-01-02 01:50:00,S009,3.963986274398189,150.10255970696426,10.156415490961045,0,0
2024-01-02 01:55:00,S009,3.465856380311696,129.54531998737374,10.629268351474543,0,0
2024-01-02 02:00:00,S008,2.670934952071476,122.90232544663098,23.80445771829112,0,0
2024-01-02 02:05:00,S002,2.6921436195493,100.74012589917476,23.92125460489075,0,0
2024-01-02 02:10:00,S010,3.4194093737417885,191.46137566170614,13.610390677487574,0,0
2024-01-02 02:15:00,S001,3.468716218982809,92.88601838587402,22.23920408452926,0,0
2024-01-02 02:20:00,S009,3.3160248687741274,145.41061455947374,13.315950571805928,0,0
2024-01-02 02:25:00,S007,2.7708918972629513,58.07873104970392,14.800897487814751,0,0
2024-01-02 02:30:00,S002,2.6619155719696965,152.79470241738102,11.378063315650671,0,0
2024-01-02 02:35:00,S007,3.7610545420168,159.9202317149376,18.133558082377725,0,0
2024-01-02 02:40:00,S006,3.347532989288524,153.3327953075136,23.099843737912117,0,0
2024-01-02 02:45:00,S008,1.0526838151027706,87.41796678150493,13.700182967824345,0,1
2024-01-02 02:50:00,S010,3.4863404691670343,96.63933950113312,21.135220758587636,0,0
2024-01-02 02:55:00,S002,3.033076853028609,167.5687676728096,18.31339771198025,0,0
2024-01-02 03:00:00,S006,3.7490207040205648,51.65474213936987,21.243182267033326,0,0
2024-01-02 03:05:00,S003,3.7629555572450633,120.54785811526784,17.530753202326707,0,0
2024-01-02 03:10:00,S004,3.5831064073041055,182.92936706976118,18.895665012801764,0,0
2024-01-02 03:15:00,S008,2.7675588764609946,54.36070705159306,12.503276767823063,0,0
2024-01-02 03:20:00,S001,3.382303400422586,122.14593348291857,19.63488288857841,0,0
2024-01-02 03:25:00,S007,3.554415161468015,57.920594070279215,17.298964933656297,0,0
2024-01-02 03:30:00,S003,3.2473835233951807,61.558741870149674,10.878263938659687,0,0
2024-01-02 03:35:00,S006,2.814762992284614,173.76960014991727,17.80444865377981,0,0
2024-01-02 03:40:00,S001,3.1510290492608126,63.290064451942584,13.309179290668169,0,0
2024-01-02 03:45:00,S009,3.8996699970153363,146.38477993027874,16.318720799411082,0,0
2024-01-02 03:50:00,S006,3.9866896477319553,162.08293816130566,21.099795800284177,0,0
2024-01-02 03:55:00,S004,3.0433531624784327,100.17669331128982,10.392950627980971,0,0
2024-01-02 04:00:00,S006,3.2771181493582233,94.80883603831596,24.110188676730107,0,0
2024-01-02 04:05:00,S003,3.065371247104558,119.25992204185732,17.213590011296045,0,0
2024-01-02 04:10:00,S004,2.7002199586239155,62.0902270635687,20.919089604606476,0,0
2024-01-02 04:15:00,S009,2.510543805720429,58.5920376616435,13.378355534027346,0,0
2024-01-02 04:20:00,S004,3.4854327344007094,193.4921931625187,11.034370245346318,0,0
2024-01-02 04:25:00,S007,2.8704681986079996,185.9381870781555,13.743192997742591,0,0
2024-01-02 04:30:00,S010,3.767184154429032,90.220853014327,12.345727066051719,0,0
2024-01-02 04:35:00,S002,3.8596561800166165,70.88680566763927,17.986310234128258,0,0
2024-01-02 04:40:00,S002,3.5986730977571346,132.24808755896362,11.919823128003795,0,0
2024-01-02 04:45:00,S010,2.178009719083582,101.45311111234344,20.962314474710947,1,0
2024-01-02 04:50:00,S008,3.0073946579985225,96.30481150597929,24.205539816080844,0,0
2024-01-02 04:55:00,S001,2.7268702431024017,83.79753949268526,13.76449992010447,0,0
2024-01-02 05:00:00,S001,3.970775233001659,84.11142437920684,16.059668144898225,0,0
2024-01-02 05:05:00,S001,3.3153073260139694,62.25880186201674,16.874509622929846,0,0
2024-01-02 05:10:00,S002,3.496281871758126,82.41356797779613,11.463437653589496,0,0
2024-01-02 05:15:00,S007,3.3181478041103585,59.340965882282845,17.687539731554978,0,0
2024-01-02 05:20:00,S003,3.6794172990760496,80.20456732039617,13.879312523320582,0,0
2024-01-02 05:25:00,S004,3.279078789255906,80.73219112260688,23.167451172280614,0,0
2024-01-02 05:30:00,S009,3.340273387562368,162.60942604990208,18.3697110817396,0,0
2024-01-02 05:35:00,S003,3.8638303087923402,130.80526969290713,17.467187620514352,0,0
2024-01-02 05:40:00,S009,3.096072085727975,64.01119579629434,16.616082373761756,0,0
2024-01-02 05:45:00,S008,2.9307069371268635,168.9281628550759,18.663900488217365,0,0
2024-01-02 05:50:00,S008,3.2802857848773317,117.14044104803254,18.36730287893802,0,0
2024-01-02 05:55:00,S003,3.8457795114469286,75.32813100165292,17.605766557981617,0,0
2024-01-02 06:00:00,S008,3.8409845650118055,148.14388284874428,12.281564248334092,0,0
2024-01-02 06:05:00,S006,3.785310904112641,67.64659822389878,21.095954981283107,0,0
2024-01-02 06:10:00,S007,1.8700758078371202,178.7783278499817,14.845167975793208,1,0
2024-01-02 06:15:00,S005,3.339633525457574,129.10994331840146,20.790304335537378,0,0
2024-01-02 06:20:00,S005,3.96018608496426,100.5260752791655,14.44734671924973,0,0
2024-01-02 06:25:00,S009,3.2067518483992217,173.24553465657075,16.888977957598208,0,0
2024-01-02 06:30:00,S003,3.8197328709275427,128.81523688185393,13.665099111796993,0,0
2024-01-02 06:35:00,S001,2.859811169133917,71.29579846414909,15.2191211737325,0,0
2024-01-02 06:40:00,S009,3.153258181597239,136.58745961529195,21.071036850077757,0,0
2024-01-02 06:45:00,S003,2.5466733998760365,160.894210274716,11.595155893836619,0,0
2024-01-02 06:50:00,S007,2.750698017206832,148.29236145374873,24.876139257517583,0,0
2024-01-02 06:55:00,S003,3.5412258602647464,126.89821297175794,14.57966015045097,0,0
2024-01-02 07:00:00,S005,3.112459514139177,163.8873099591264,23.55411766520193,0,0
2024-01-02 07:05:00,S002,3.476152821338121,181.13400862075272,10.00282599334873,0,0
2024-01-02 07:10:00,S006,2.840095574385266,107.24179098008001,11.932730680003822,0,0
2024-01-02 07:15:00,S004,2.5270001334178227,113.21660623688712,10.407625241362663,0,0
2024-01-02 07:20:00,S009,2.9383273456928465,186.61552424658728,21.30942855395176,0,0
2024-01-02 07:25:00,S007,3.4320167458802944,133.87772102439897,19.42357165694922,0,0
2024-01-02 07:30:00,S004,2.6688705856179054,155.55289661911937,18.110477149673656,0,0
2024-01-02 07:35:00,S001,3.2031519481967585,95.18978911400006,18.975362264466384,0,0
2024-01-02 07:40:00,S009,2.5722142539675303,185.4342492787981,22.783958115867723,0,0
2024-01-02 07:45:00,S009,3.9835425375252607,143.92642573897075,17.969747808520886,0,0
2024-01-02 07:50:00,S003,2.9016650132325013,168.3741269883097,18.600240184528268,0,0
2024-01-02 07:55:00,S005,3.398467762265816,67.23994955893502,11.407859272350343,0,0
2024-01-02 08:00:00,S001,2.5970303402726973,193.37367255811284,10.377129374159091,0,0
2024-01-02 08:05:00,S006,3.1518939412880678,166.08194835952344,19.02885146522697,0,0
2024-01-02 08:10:00,S008,3.922162480257163,116.78691684271823,21.832033958580393,0,0
2024-01-02 08:15:00,S004,3.0767669914672187,123.15006029318967,19.783363893182088,0,0
2024-01-02 08:20:00,S007,3.9757604692831565,90.34384187397066,16.104578644513957,0,0
2024-01-02 08:25:00,S006,2.568473118253576,71.00361463299765,14.152214616869585,0,0
2024-01-02 08:30:00,S001,3.4337795435946177,120.46156444860256,16.712022119836867,0,0
2024-01-02 08:35:00,S006,3.7812039964757567,57.42452802404999,22.499756072095188,0,0
2024-01-02 08:40:00,S007,3.7038785193697192,135.80729650539513,17.690015889346245,0,0
2024-01-02 08:45:00,S009,3.725023263176077,92.68434526443463,22.273100031223713,0,0
2024-01-02 08:50:00,S007,2.2197949571861497,146.2231966959533,20.533881490474965,1,0
2024-01-02 08:55:00,S003,3.116531612898319,186.14165038348324,20.710489667002847,0,0
2024-01-02 09:00:00,S010,3.9325907672274836,173.17974238253396,10.023476577872094,0,0
2024-01-02 09:05:00,S007,2.5608381063170222,180.7396590932346,13.850413424650688,0,0
2024-01-02 09:10:00,S004,3.0535795326413746,68.15375007277896,16.28421685281213,0,0
2024-01-02 09:15:00,S010,2.9816216456305753,162.47761466546996,16.190129891250947,0,0
2024-01-02 09:20:00,S003,3.390491186812808,51.51967760416151,19.541440696143134,0,0
2024-01-02 09:25:00,S003,3.5859595831991404,68.08376246055354,23.536799609287627,0,0
2024-01-02 09:30:00,S008,3.730018943679034,154.23235605139388,17.9873904915572,0,0
2024-01-02 09:35:00,S010,3.8652019551732013,171.20339448598293,13.240770475175308,0,0
2024-01-02 09:40:00,S006,3.7684065444848605,153.8739240003838,16.448966160852223,0,0
2024-01-02 09:45:00,S005,3.7926137423774433,138.54283144297398,13.394186623213477,0,0
2024-01-02 09:50:00,S009,3.1464778307699444,97.83002274817082,18.73298119891171,0,0
2024-01-02 09:55:00,S004,3.0894613380179368,128.87188983099855,17.675220798722677,0,0
2024-01-02 10:00:00,S005,3.8351455527757126,101.88161911067861,12.316896208349856,0,0
2024-01-02 10:05:00,S003,3.0109062498719377,60.75678332714765,16.14443342342848,0,0
2024-01-02 10:10:00,S005,3.296628017327864,176.25850426170143,18.70332278177544,0,0
2024-01-02 10:15:00,S001,2.710829451367541,122.83845494890967,10.413050798041983,0,0
2024-01-02 10:20:00,S004,2.6489533041305395,81.32961060586099,23.884559950380037,0,0
2024-01-02 10:25:00,S006,3.634320420925265,118.77845133228361,14.338671579589818,0,0
2024-01-02 10:30:00,S010,1.612130194647945,147.90974695173702,16.661915697486275,1,0
2024-01-02 10:35:00,S004,1.6798064393921592,221.75817828990952,21.603083373018457,1,0
2024-01-02 10:40:00,S005,3.7504749429063784,116.06620254686361,14.534998740272407,0,0
2024-01-02 10:45:00,S001,3.261169549179613,151.60809822780755,13.525558222057377,0,0
2024-01-02 10:50:00,S001,3.370701401490544,70.87950520185433,16.66065623803304,0,0
2024-01-02 10:55:00,S003,3.673582494190131,160.18668846821197,14.507340784006486,0,0
2024-01-02 11:00:00,S003,2.80196816173365,109.2706614896478,10.59189299336349,0,0
2024-01-02 11:05:00,S003,2.6985585685524587,138.95217505408965,18.986808775604878,0,0
2024-01-02 11:10:00,S006,2.6959785157351943,168.57646914123274,11.872312209502724,0,0
2024-01-02 11:15:00,S010,2.972543557327522,88.06667649980365,16.940134075980904,1,0
2024-01-02 11:20:00,S010,3.237127266292835,128.36662181081965,18.44067548533509,0,0
2024-01-02 11:25:00,S009,3.0434021306478867,158.85746948299237,23.416788352363483,0,0
2024-01-02 11:30:00,S004,3.7098840134894155,121.4725075667439,24.941844244591618,0,0
2024-01-02 11:35:00,S001,3.7704532813105907,183.96353077931224,10.93686390428607,0,0
2024-01-02 11:40:00,S007,2.528674141644646,121.52652024767256,20.315830636458408,0,0
2024-01-02 11:45:00,S010,3.4488161649487417,146.67054156815504,22.29696707477091,0,0
2024-01-02 11:50:00,S009,1.8476110995436168,220.19404768926228,13.009765261056419,1,0
2024-01-02 11:55:00,S004,3.7512168955010137,161.07141979302787,12.14275430951258,0,0
2024-01-02 12:00:00,S009,3.6491738991933795,176.88821595165982,19.204061713561877,0,0
2024-01-02 12:05:00,S004,3.1106597336884416,59.90147662103624,15.23230800954219,0,0
2024-01-02 12:10:00,S002,2.5091331223597586,65.14117999662822,23.034163784187175,0,0
2024-01-02 12:15:00,S002,3.691773316736123,156.06297159000474,10.753390171959607,0,0
2024-01-02 12:20:00,S002,2.9215067483630706,170.5224114945327,23.938420804477808,0,0
2024-01-02 12:25:00,S007,3.214655479515687,83.90434967239996,19.60714063263766,0,0
2024-01-02 12:30:00,S005,3.1241821421066387,163.94171430496948,12.817642788066612,0,0
2024-01-02 12:35:00,S010,3.3787971826802785,143.71757941841037,11.076637093397695,0,0
2024-01-02 12:40:00,S004,2.954791089191569,93.49551784154136,18.449333964307222,0,0
2024-01-02 12:45:00,S008,2.9071140706700715,124.50431342269198,14.264111393912751,0,0
2024-01-02 12:50:00,S009,3.6229678511893,97.6380192891675,10.00202039506728,0,0
2024-01-02 12:55:00,S006,3.560464731183574,59.40344324327988,22.590077385340035,0,0
2024-01-02 13:00:00,S009,2.6240731922865304,189.63310580912125,22.400719898965274,0,0
2024-01-02 13:05:00,S002,2.970021876377715,168.33987076640108,23.378082172161022,0,0
2024-01-02 13:10:00,S008,3.9461176247351624,63.39342867883594,20.305288997548644,0,0
2024-01-02 13:15:00,S009,3.5557856374514967,50.654490447546365,12.50429633120798,0,0
2024-01-02 13:20:00,S001,2.917659112375652,69.4400976793163,20.141623471216167,0,0
2024-01-02 13:25:00,S004,3.6727357950174033,146.6223832213874,10.722790185899443,0,0
2024-01-02 13:30:00,S009,3.213951596517484,66.64662868777222,19.516362179298753,0,0
2024-01-02 13:35:00,S007,3.6513514427768774,112.47566478558184,22.33269830224635,0,0
2024-01-02 13:40:00,S009,3.804644765022566,159.5744541438185,19.71569756594382,0,0
2024-01-02 13:45:00,S002,3.092101530767242,189.62109459747347,11.885864034883394,0,0
2024-01-02 13:50:00,S005,3.5232908209399154,120.22312119515456,18.68762883062083,0,0
2024-01-02 13:55:00,S009,3.7349641447310766,167.30230023994508,18.157085917993562,0,0
2024-01-02 14:00:00,S005,3.866603054151075,175.73980393185573,20.640744506310863,0,0
2024-01-02 14:05:00,S003,3.106434620882304,129.64065176181407,18.926975123585223,0,0
2024-01-02 14:10:00,S004,2.5624852275740237,109.64713693880542,21.434635480329078,0,0
2024-01-02 14:15:00,S001,3.2819440714812087,196.40207349188205,11.883253221439801,0,0
2024-01-02 14:20:00,S009,2.6803108436808643,89.83742494379092,10.263285450499433,0,0
2024-01-02 14:25:00,S010,2.8348950782577944,146.27899382830333,18.559744358214022,0,0
2024-01-02 14:30:00,S007,3.8188826722695772,151.33701379253898,18.20444877057082,0,0
2024-01-02 14:35:00,S008,3.186993638505357,109.70079394317543,14.543735932497889,0,0
2024-01-02 14:40:00,S002,3.4049377085724144,121.01013222423688,10.89574733456334,0,0
2024-01-02 14:45:00,S008,3.9140864786411687,167.77843147226127,24.86991852346331,0,0
2024-01-02 14:50:00,S006,3.048521122392057,83.80719020101488,12.93749626201405,0,0
2024-01-02 14:55:00,S010,2.97272055869883,91.43559874627296,24.724799857786717,0,0
2024-01-02 15:00:00,S001,3.017788312741316,187.62287646979854,14.357567585071305,0,0
2024-01-02 15:05:00,S009,3.534999605963415,153.51448373567652,23.959102072698055,0,0
2024-01-02 15:10:00,S008,2.7014122763534134,193.69011815851556,17.9448958591843,0,0
2024-01-02 15:15:00,S005,3.943465304481676,143.1362885326562,23.929904305223243,0,0
2024-01-02 15:20:00,S003,2.748624669730234,116.83124581128364,13.137781981118916,0,0
2024-01-02 15:25:00,S002,3.7806773825570006,86.2965695475568,24.409404632697996,0,0
2024-01-02 15:30:00,S008,3.567584208619073,197.17155976877328,18.543096693506556,0,0
2024-01-02 15:35:00,S003,2.764143206995892,82.09355580323553,10.195443516356256,0,0
2024-01-02 15:40:00,S002,3.5474667358413594,109.28088894649554,24.29345193996741,0,0
2024-01-02 15:45:00,S010,3.2153501597019547,157.7496763058006,13.710104737286251,0,0
2024-01-02 15:50:00,S004,3.3476279686791344,165.74403664679116,17.483434968039127,0,0
2024-01-02 15:55:00,S005,3.06547831288942,132.79854531810815,22.071296829845423,0,0
2024-01-02 16:00:00,S008,3.772063134402226,159.32921634049202,11.430989159698159,0,0
2024-01-02 16:05:00,S003,2.253135646988524,87.48293303750873,23.520746449629023,0,1
2024-01-02 16:10:00,S009,3.641511885243088,105.75860996035149,15.886872793442201,0,0
2024-01-02 16:15:00,S001,2.1284027786897246,108.05701284175376,19.330593435564907,1,0
2024-01-02 16:20:00,S001,2.86059836934026,78.73894186022386,23.773586300131555,0,0
2024-01-02 16:25:00,S009,2.558394944988501,55.402822743713955,12.62832658158741,0,0
2024-01-02 16:30:00,S004,3.3724334394837903,115.49212846531492,18.701332520041817,0,0
2024-01-02 16:35:00,S003,2.7157215254722207,114.51543147947001,23.556363576627135,0,0
2024-01-02 16:40:00,S004,3.734741246063289,183.33311360054446,18.16758653573842,0,0
2024-01-02 16:45:00,S003,3.3907037212144235,54.92144361929127,19.540637031699525,0,0
2024-01-02 16:50:00,S003,3.260380656942752,111.41181077255274,22.163178715118775,0,0
2024-01-02 16:55:00,S002,3.6608593326559977,102.89039088932873,22.3718178441668,0,0
2024-01-02 17:00:00,S005,2.9237086395550054,113.78422781565408,10.56356635598361,0,0
2024-01-02 17:05:00,S009,3.38564663473404,59.199643346492394,15.432643821980925,0,0
2024-01-02 17:10:00,S007,2.956298079454421,95.59137683825409,13.456249931760249,0,0
2024-01-02 17:15:00,S006,3.597587104846319,146.09533892038797,16.239158568727824,0,0
2024-01-02 17:20:00,S005,3.568931999647769,172.5169199758454,12.72420951634904,0,0
2024-01-02 17:25:00,S006,3.1086267529225915,83.07326520336596,21.437243267133297,0,0
2024-01-02 17:30:00,S007,3.3167454386557975,156.39812427089143,12.509819560015906,0,0
2024-01-02 17:35:00,S010,3.2228012189119246,104.2565382289371,24.238129403057684,0,0
2024-01-02 17:40:00,S005,2.6537739460997116,127.07816963101516,17.63335833386584,0,0
2024-01-02 17:45:00,S008,2.7385375056103918,77.02936311922218,11.473524882836207,0,0
2024-01-02 17:50:00,S010,3.5934715924837244,179.2536355681018,14.111073840132864,0,0
2024-01-02 17:55:00,S006,3.003415681404764,196.7788202583711,22.848058356218903,0,0
2024-01-02 18:00:00,S007,3.3239646572201558,96.79760304896277,17.23750630353041,0,0
2024-01-02 18:05:00,S004,3.0765325577862024,53.779012093884404,22.584959915770163,0,0
2024-01-02 18:10:00,S002,3.156491992222305,85.24601074939292,20.573065150650727,0,0
2024-01-02 18:15:00,S001,3.3111018506996563,114.4393915364097,14.632516360110113,0,0
2024-01-02 18:20:00,S003,3.92870067503177,84.00910734949449,23.19011530264792,0,0
2024-01-02 18:25:00,S007,2.974824497901805,172.46161774475462,17.52273192219601,0,0
2024-01-02 18:30:00,S007,3.3576189747156233,174.92455651824065,23.59130590721891,0,0
2024-01-02 18:35:00,S001,3.323287997616034,93.14490935655172,14.601648992832118,0,0
2024-01-02 18:40:00,S001,3.145810314260785,181.69767454772523,19.08257149923815,0,0
2024-01-02 18:45:00,S002,3.1491503193988937,152.81658248328523,14.98684235723068,0,0
2024-01-02 18:50:00,S004,3.973074305523944,167.72927344383203,21.002301197381556,0,0
2024-01-02 18:55:00,S006,3.4016540434364924,198.5542672997558,14.878808588868278,0,0
2024-01-02 19:00:00,S008,2.601253820025733,127.80514915708926,12.690470230183157,0,0
2024-01-02 19:05:00,S009,3.606827477251909,155.6831642041168,16.340929553408984,0,0
2024-01-02 19:10:00,S003,2.8079994080601995,122.4559546338335,14.028006341014109,0,0
2024-01-02 19:15:00,S006,2.715912870358346,139.30394918879063,12.581659042341666,0,0
2024-01-02 19:20:00,S009,2.6381004791237133,139.85668807255723,19.354731674353992,0,0
2024-01-02 19:25:00,S002,3.5556884664857615,105.98897216941384,18.454899565431433,0,0
2024-01-02 19:30:00,S006,2.969361091320472,90.66443806460987,18.965024240540547,0,0
2024-01-02 19:35:00,S010,3.1736271175164203,141.8387226142767,13.196275130272124,0,0
2024-01-02 19:40:00,S008,3.381378806664103,155.17093916262104,20.201678281704588,0,0
2024-01-02 19:45:00,S004,3.9044007091198285,131.2985112334649,24.094772669402623,0,0
2024-01-02 19:50:00,S010,3.6091123447469675,82.20017959588051,19.974917743566607,0,0
2024-01-02 19:55:00,S002,2.6389382245770507,162.2576524514347,23.718229957728383,0,0
2024-01-02 20:00:00,S009,3.157577470046142,199.43934297873153,13.437579268212431,0,0
2024-01-02 20:05:00,S002,3.57107908506719,63.70872294976646,12.989055047002012,0,0
2024-01-02 20:10:00,S001,2.821609724489747,90.62094920554588,13.713396554198296,0,0
2024-01-02 20:15:00,S003,2.823016572073829,139.56436552800795,18.922048220166843,0,0
2024-01-02 20:20:00,S002,3.7076354777434943,173.44757075626512,23.99065762199142,0,0
2024-01-02 20:25:00,S010,3.270416569816487,88.00357550894921,24.814893885118778,0,0
2024-01-02 20:30:00,S001,3.8811499126950357,137.6673364636139,18.074979148835702,0,0
2024-01-02 20:35:00,S006,3.789735753086914,55.25118722102085,21.810600175076583,0,0
2024-01-02 20:40:00,S006,3.141402000555006,116.38182722221184,19.739834868653226,0,0
2024-01-02 20:45:00,S002,3.250120177407374,167.76465711435614,18.982681001191587,0,0
2024-01-02 20:50:00,S007,2.5842641160211586,123.66435940747478,23.90665943287641,0,0
2024-01-02 20:55:00,S006,3.482760571786507,89.03548969778441,12.392383938120375,0,0
2024-01-02 21:00:00,S010,3.913796961280175,162.01649593005772,20.80848322966609,0,0
2024-01-02 21:05:00,S004,2.933781169443925,96.47103129837035,13.749354195964319,0,0
2024-01-02 21:10:00,S005,3.6137962492606324,61.49537097128732,23.08953703820253,0,0
2024-01-02 21:15:00,S007,3.929222525503759,99.01138130450613,15.316374231895823,0,0
2024-01-02 21:20:00,S001,2.9779134441454107,185.53376651487955,11.164611639831719,0,0
2024-01-02 21:25:00,S009,3.7882251567522323,151.5411174495256,22.568625622777056,0,0
2024-01-02 21:30:00,S009,2.5198765502558658,94.39143332879848,16.887838505988427,0,0
2024-01-02 21:35:00,S004,2.844397241130953,67.632695022533,12.479267352144362,0,0
2024-01-02 21:40:00,S006,3.6841482912927868,94.51800230297758,18.12054415235903,0,0
2024-01-02 21:45:00,S010,3.8224937234990692,68.2243086631648,19.519588847310708,0,0
2024-01-02 21:50:00,S010,3.411629024643479,86.80284712493166,10.865982388376757,0,0
2024-01-02 21:55:00,S008,3.424450728888586,133.53176647581438,16.236626552849827,0,0
2024-01-02 22:00:00,S010,3.117797110626244,163.03919461186294,13.055007066590273,0,0
2024-01-02 22:05:00,S001,3.4471283818275644,129.87560996239728,11.730919632683761,0,0
2024-01-02 22:10:00,S007,2.714262947221498,153.81104705365533,13.09378170754229,0,0
2024-01-02 22:15:00,S007,3.65948008195838,192.71630430885216,21.64733953976527,0,0
2024-01-02 22:20:00,S003,3.341017442408425,144.26396849218804,20.32947443961813,0,0
2024-01-02 22:25:00,S009,3.3034848990213677,175.4176554810873,22.320825443510415,0,0
2024-01-02 22:30:00,S003,2.9282631701777673,129.73660951624896,17.65842693114007,0,0
2024-01-02 22:35:00,S003,2.5200515248890936,111.46088546644086,19.71661349425513,0,0
2024-01-02 22:40:00,S002,2.6004604180379074,181.6025679699258,15.841074084683129,0,0
2024-01-02 22:45:00,S004,3.4724770111781433,61.11581338623006,15.632033926997504,0,0
2024-01-02 22:50:00,S010,2.9817432289539303,83.01669888571297,15.257808014292428,0,0
2024-01-02 22:55:00,S004,3.1963577796088374,158.4106628358207,19.85094227082412,0,0
2024-01-02 23:00:00,S002,3.4925264325997847,122.59840522696207,10.079702135025189,0,0
2024-01-02 23:05:00,S009,3.3715226400626643,113.91064664391456,18.220485349963603,0,0
2024-01-02 23:10:00,S010,3.637752821374586,52.194238831651354,13.108634496533174,0,0
2024-01-02 23:15:00,S009,3.0204439896018376,108.61327284944556,12.380183105345274,0,0
2024-01-02 23:20:00,S005,3.4811991055418106,183.3691885910015,18.682101317679106,0,0
2024-01-02 23:25:00,S010,3.1224568231001175,156.91665143252465,15.79317989225546,0,0
2024-01-02 23:30:00,S002,3.1372762643021304,186.17577708253012,17.605894701080775,0,0
2024-01-02 23:35:00,S002,2.700475872115777,116.57887826319516,16.76164425829546,0,0
2024-01-02 23:40:00,S006,3.2998770989186537,145.51425755664906,21.22349246997844,0,0
2024-01-02 23:45:00,S005,3.541961438340592,82.80734194968909,18.929548988912337,0,0
2024-01-02 23:50:00,S004,3.19228439138291,197.4958485227701,21.800625110609637,0,0
2024-01-02 23:55:00,S001,3.148519339605021,54.67236391900866,13.893646739125739,0,0
2024-01-03 00:00:00,S003,3.736490337818904,144.5059817719973,22.87180591376655,0,0
2024-01-03 00:05:00,S008,2.9879359275426216,185.1441343535702,24.94236510248168,0,0
2024-01-03 00:10:00,S001,2.4378304887693596,75.79146619708948,11.423769052325046,1,0
2024-01-03 00:15:00,S010,2.508577872041184,119.8738629834687,18.567434479335414,0,0
2024-01-03 00:20:00,S003,2.533638833743083,104.06402407122292,21.756073766128544,0,0
2024-01-03 00:25:00,S005,2.848027270463216,52.15721691081276,21.46530079654641,0,0
2024-01-03 00:30:00,S007,3.7556794417459782,142.9289300054455,18.450930260689603,0,0
2024-01-03 00:35:00,S010,3.0858904113726733,60.39924955816471,19.574833596877397,0,0
2024-01-03 00:40:00,S009,2.8433131937252485,139.52778153316393,23.92273147170927,0,0
2024-01-03 00:45:00,S005,3.4496089802492698,120.39278409886856,16.645890434956314,0,0
2024-01-03 00:50:00,S010,3.57265024192555,138.97373285592022,10.800219954833466,0,0
2024-01-03 00:55:00,S007,3.795462131944924,66.50949263016729,23.875707630145218,0,0
2024-01-03 01:00:00,S009,3.4729584351532234,91.29323201777902,12.34309853029933,0,0
2024-01-03 01:05:00,S008,3.557708718355845,118.27579876004846,20.016408874047293,0,0
2024-01-03 01:10:00,S004,3.5280930151690084,53.74493331800858,12.571512650658141,0,0
2024-01-03 01:15:00,S004,3.941380220393237,130.39026182781774,17.32743448989858,0,0
2024-01-03 01:20:00,S005,3.750687926378241,146.3866415485451,11.178367463855906,0,0
2024-01-03 01:25:00,S006,3.5539603087873433,59.97914123162829,13.461919808897976,0,0
2024-01-03 01:30:00,S007,3.824372224778083,148.85681151983488,13.168477472093965,0,0
2024-01-03 01:35:00,S005,3.700110148115302,182.68749393817816,11.878308392752471,0,0
2024-01-03 01:40:00,S001,3.433945800397987,196.00739287472317,16.975142762896414,0,0
2024-01-03 01:45:00,S004,3.0212606236377715,115.30904692636034,15.939423831214073,0,0
2024-01-03 01:50:00,S003,3.3278157046317784,168.41141328703785,16.24327088268024,0,0
2024-01-03 01:55:00,S002,2.902843251180464,65.14671602266417,12.512366336411615,0,0
2024-01-03 02:00:00,S009,3.9516421979043432,115.96107297618629,14.175527224939849,0,0
2024-01-03 02:05:00,S008,2.8295601855871007,53.078122209398785,22.39927518253733,0,0
2024-01-03 02:10:00,S004,2.815760409498014,171.35354604375146,12.203828853756562,0,0
2024-01-03 02:15:00,S008,2.6241052534272846,122.68069926200162,14.536292669178046,0,0
2024-01-03 02:20:00,S005,3.2177441743839426,167.08340403308208,14.554359072157604,0,0
2024-01-03 02:25:00,S007,2.6234084864155927,118.93760858204345,14.596952020642306,0,0
2024-01-03 02:30:00,S008,1.520604967412287,125.74459967526036,15.205935527490926,0,1
2024-01-03 02:35:00,S007,3.7601621176588,198.41766964475846,23.342789665656447,0,0
2024-01-03 02:40:00,S002,3.206301034334765,148.4082532963556,18.39368281698013,0,0
2024-01-03 02:45:00,S009,3.7896920122174684,111.02072014275853,14.92349658517509,0,0
2024-01-03 02:50:00,S008,2.794628823808026,192.7167238494638,12.63237441072036,0,0
2024-01-03 02:55:00,S010,3.8044091237121664,110.41637498493498,24.55353016622315,0,0
2024-01-03 03:00:00,S006,2.6974803831898875,178.20551751397963,12.479534292069419,0,0
2024-01-03 03:05:00,S006,3.7385664273410004,92.85613514913355,23.90685672796674,0,0
2024-01-03 03:10:00,S009,3.678464655293691,87.91976660236595,24.083424400619126,0,0
2024-01-03 03:15:00,S005,2.76268471019553,150.91469216187,13.307563951534707,0,0
2024-01-03 03:20:00,S007,3.383399612418346,162.75142580343788,19.352167457789445,0,0
2024-01-03 03:25:00,S004,3.6253986459082634,72.80728511367377,16.87485391881363,0,0
2024-01-03 03:30:00,S010,2.8556270627760103,192.2754414827292,24.169985982566427,0,0
2024-01-03 03:35:00,S007,2.5096528172451937,165.8774429119106,20.53732512382703,0,0
2024-01-03 03:40:00,S001,3.5561249069820087,190.275813008974,15.637075237691295,0,0
2024-01-03 03:45:00,S005,3.6443400033315463,56.81787506536939,19.69900665922993,0,0
2024-01-03 03:50:00,S004,3.2647810143256866,125.1913466938594,10.753645147344733,0,0
2024-01-03 03:55:00,S004,3.8925752584544613,199.4597440518583,21.94011103640925,0,0
2024-01-03 04:00:00,S001,3.6600715716733747,187.2448797616953,12.83708650034477,0,0
2024-01-03 04:05:00,S008,2.7997619069229094,58.328754921372585,18.526973477619098,0,0
2024-01-03 04:10:00,S010,3.516089694833309,134.86723322614944,23.93717075817531,0,0
2024-01-03 04:15:00,S005,3.624139008971213,114.66686076455075,11.31322996041671,0,0
2024-01-03 04:20:00,S008,2.5451558083169785,194.2238486861168,20.0180186005122,0,0
2024-01-03 04:25:00,S001,3.480075247718021,78.84648440504412,14.434818124187279,0,0
2024-01-03 04:30:00,S004,3.6086004639090588,91.61970195874311,14.224240631584475,0,0
2024-01-03 04:35:00,S001,3.559369243832893,143.40343114246963,24.85163269130299,0,0
2024-01-03 04:40:00,S008,2.3622945602677774,228.4943974398462,11.3348457228452,1,0
2024-01-03 04:45:00,S002,3.892945843173091,59.271269103383396,11.385407921670678,0,0
2024-01-03 04:50:00,S008,3.0121379044064476,117.31682059919221,23.698490206321843,0,0
2024-01-03 04:55:00,S006,3.492870448955517,162.6765705431064,21.308021240648696,0,0
2024-01-03 05:00:00,S005,2.67219539087692,191.22993654266617,21.763092615479003,0,0
2024-01-03 05:05:00,S010,3.5756808527082904,178.41987485206153,15.351530674349089,0,0
2024-01-03 05:10:00,S007,2.660585767831279,116.00870697640981,20.94567859746133,0,0
2024-01-03 05:15:00,S004,3.746423756582603,67.98366402090682,21.02388771092341,0,0
2024-01-03 05:20:00,S010,2.949913104665534,139.4122932857459,16.50765884282866,0,0
2024-01-03 05:25:00,S005,3.032697471630719,56.78737835283318,13.268630623780203,0,0
2024-01-03 05:30:00,S005,3.7314715259487112,134.99078883581944,19.85545747351161,0,0
2024-01-03 05:35:00,S009,3.913988765449946,62.41010594355062,13.809066578855443,0,0
2024-01-03 05:40:00,S005,3.195972547250331,67.80636432636672,24.708523405910853,0,0
2024-01-03 05:45:00,S002,3.608300015699549,54.866516907078044,19.880764580905332,0,0
2024-01-03 05:50:00,S010,3.6842384476360786,162.22412395815283,18.41883517112386,0,0
2024-01-03 05:55:00,S009,2.5476677265359866,167.30761538956375,13.601061107313498,0,0
2024-01-03 06:00:00,S009,3.538016883919982,118.68934916510419,13.397824390541587,0,0
2024-01-03 06:05:00,S010,3.0388131204740354,173.53283399177286,22.31044241150169,0,0
2024-01-03 06:10:00,S008,2.7374558501584216,57.76788330992253,18.359658629714627,0,0
2024-01-03 06:15:00,S006,3.3485322582115087,77.40085763595022,12.093983010397,0,0
2024-01-03 06:20:00,S001,2.913636106661922,80.63701383682512,10.251344567385736,0,0
2024-01-03 06:25:00,S007,3.2973582290300967,54.898859117674384,17.133942877330124,0,0
2024-01-03 06:30:00,S002,3.9567263610524286,134.32832165967875,20.721299146659188,0,0
2024-01-03 06:35:00,S007,3.268450520330621,166.03581525960806,10.660605690826966,0,0
2024-01-03 06:40:00,S004,3.3259950691612774,110.48116341998784,22.504660157127585,0,0
2024-01-03 06:45:00,S001,3.8488905383870344,194.3392169913735,16.661728697444985,0,0
2024-01-03 06:50:00,S005,2.6051622094618856,109.28889731467368,12.726683008260428,0,0
2024-01-03 06:55:00,S004,3.128774313853182,75.23054836497772,23.18995323517711,0,0
2024-01-03 07:00:00,S008,3.953011908361536,89.35144501714186,14.695752175947202,0,0
2024-01-03 07:05:00,S003,3.0694251466775055,97.48801398629767,14.285493910671468,0,0
2024-01-03 07:10:00,S002,3.5161571068424418,114.26868557731932,20.972446960647083,0,0
2024-01-03 07:15:00,S005,2.5120886550131796,191.47622344419275,13.557166989665667,0,0
2024-01-03 07:20:00,S006,2.876753901322602,176.63184879292146,17.260308587641063,0,0
2024-01-03 07:25:00,S004,2.822806719599789,182.65327256836304,18.391081385910354,0,0
2024-01-03 07:30:00,S004,2.9865187115425837,85.08453972083052,13.163293415211822,0,0
2024-01-03 07:35:00,S003,1.2063463970337849,198.25145501800296,21.749469744340715,0,1
2024-01-03 07:40:00,S007,3.1894762294893586,114.64758528812331,14.567387991234263,0,0
2024-01-03 07:45:00,S005,2.9608246255319064,131.96878125921864,16.257901278468648,0,0
2024-01-03 07:50:00,S009,3.695816608868144,158.6348821417924,20.35608582866608,0,0
2024-01-03 07:55:00,S009,3.492578023965935,140.36741629498817,12.445286707223293,0,0
2024-01-03 08:00:00,S005,3.922377306685119,95.69035336612856,13.967737059832572,0,0
2024-01-03 08:05:00,S009,3.1294410742102157,57.59337084036112,10.59087750539229,0,0
2024-01-03 08:10:00,S005,3.596736016682376,192.0134052760555,21.724232187945987,0,0
2024-01-03 08:15:00,S010,3.38252833147473,109.6526621649582,24.60700620035724,0,0
2024-01-03 08:20:00,S008,3.8563649371113478,106.20829557610647,18.24802844164308,0,0
2024-01-03 08:25:00,S001,2.832672967288478,97.63318698042526,13.890826011147944,0,0
2024-01-03 08:30:00,S004,3.175087959139338,100.61814184463435,23.060326831861587,0,0
2024-01-03 08:35:00,S010,3.4941944113145826,180.5950822225236,21.386303988334575,0,0
2024-01-03 08:40:00,S004,2.742051037582575,135.7993817425389,22.081484939499795,0,0
2024-01-03 08:45:00,S004,3.600858065502804,101.98381397248214,16.11573655997838,0,0
2024-01-03 08:50:00,S006,2.5520090563390996,108.78658444158636,20.457455382069707,0,0
2024-01-03 08:55:00,S004,3.8291291632202746,184.35349163999248,14.459308064219897,0,0
2024-01-03 09:00:00,S006,3.8126770668370704,168.57807654075103,12.116613910320266,0,0
2024-01-03 09:05:00,S005,2.7344754560632913,160.69264210963883,15.407117577123309,0,0
2024-01-03 09:10:00,S002,2.5450319982236076,116.67923795752395,17.569285369115434,0,0
2024-01-03 09:15:00,S003,3.366710575376627,179.9152318066752,14.34159282429232,0,0
2024-01-03 09:20:00,S004,3.169662882694823,142.81581155615075,19.980478126283565,0,0
2024-01-03 09:25:00,S007,3.901649558130162,153.36314806223444,22.34909819020045,0,0
2024-01-03 09:30:00,S010,3.285400820728918,88.03761754945538,17.064250881587718,0,0
2024-01-03 09:35:00,S005,3.648045045787061,87.95395113803798,22.98343574758305,0,0
2024-01-03 09:40:00,S008,2.639907170167255,194.57347413177104,12.02620219338641,0,0
2024-01-03 09:45:00,S006,3.4047251801844203,152.37986893065823,18.63038759693648,0,0
2024-01-03 09:50:00,S009,2.527579213227396,119.6100034106757,24.145928461104575,0,0
2024-01-03 09:55:00,S006,2.828070833359809,58.99149512919624,11.964606144912612,0,0
2024-01-03 10:00:00,S009,3.995363827884033,77.5178601725344,18.912127941346863,0,0
2024-01-03 10:05:00,S010,2.5205236221410217,62.23980800072576,13.87887386702176,0,0
2024-01-03 10:10:00,S001,3.5092707002328174,158.63817912486996,17.38898507832721,0,0
2024-01-03 10:15:00,S002,2.575625160403314,183.5576481282899,18.653218019668127,0,0
2024-01-03 10:20:00,S010,3.32004449244451,175.97305283052327,11.912285202103693,0,0
2024-01-03 10:25:00,S006,2.714922188053962,157.2078250253054,14.400301321615148,0,0
2024-01-03 10:30:00,S004,3.408221875788918,96.18295730243742,22.562962511140835,0,0
2024-01-03 10:35:00,S007,2.501668141294281,90.7931839097298,13.26837069440116,0,0
2024-01-03 10:40:00,S007,2.5243651648141805,159.31670816759714,14.852956187282373,0,0
2024-01-03 10:45:00,S007,2.6894067056615976,172.01517234863962,23.863814119046737,0,0
2024-01-03 10:50:00,S005,2.655151172290725,110.30408253323611,20.934088001577358,0,0
2024-01-03 10:55:00,S001,2.5204510358587324,98.40898590899576,18.315350218245534,0,0
2024-01-03 11:00:00,S008,3.841606582972761,173.54096311972842,23.481818346060216,0,0
2024-01-03 11:05:00,S006,3.4994017922185576,198.32532970837468,13.385915857586912,0,0
2024-01-03 11:10:00,S007,2.621557915697585,174.45842994824366,24.651915592413793,0,0
2024-01-03 11:15:00,S003,3.836977309540448,119.57213745915199,14.800409748435879,0,0
2024-01-03 11:20:00,S002,3.5087608940104738,152.32875338826483,14.728591519741762,0,0
2024-01-03 11:25:00,S003,3.499925627319058,67.93429966280847,18.58964279673377,0,0
2024-01-03 11:30:00,S003,3.2499384879471824,159.53737842943568,19.28759103048755,0,0
2024-01-03 11:35:00,S006,2.9612946932356845,123.80817340736009,21.947627795855624,0,0
2024-01-03 11:40:00,S008,3.9452199212114913,66.20668390646107,17.177366051607837,0,0
2024-01-03 11:45:00,S004,3.477851298343691,174.8625775115379,24.63209542471033,0,0
2024-01-03 11:50:00,S010,2.9434975589074286,189.88168840286764,17.848195824563124,0,0
2024-01-03 11:55:00,S004,2.9616563579397237,142.04568544840757,23.46902940165605,0,0
2024-01-03 12:00:00,S006,2.8078863147325186,71.44364212815786,23.61603149766269,1,0
2024-01-03 12:05:00,S003,3.867008785117946,53.14011767400999,14.73659726874244,0,0
2024-01-03 12:10:00,S006,2.954526260473045,194.98212748281236,19.421792968653577,0,0
2024-01-03 12:15:00,S010,3.1184195917474984,190.20948732324516,13.763186498360504,0,0
2024-01-03 12:20:00,S009,3.06675882059078,59.30551454431723,15.089579009643511,0,0
2024-01-03 12:25:00,S001,2.6595059460223407,67.12099539644481,24.115723900575656,0,0
2024-01-03 12:30:00,S009,3.122238483282028,108.0911617137262,19.895354093957117,0,0
2024-01-03 12:35:00,S006,3.1830747032209112,112.24406541195208,20.95738716223449,0,0
2024-01-03 12:40:00,S010,3.2161242842205304,140.2710100918171,18.7260497113178,0,0
2024-01-03 12:45:00,S001,2.7438069812030617,151.3431964397365,10.571294508989789,0,0
2024-01-03 12:50:00,S004,3.3285492067258513,139.28445990791025,23.078695919207583,0,0
2024-01-03 12:55:00,S003,2.943201886940139,129.49555115321309,20.1758782825452,0,0
2024-01-03 13:00:00,S003,2.727168282903036,114.91572265127283,18.935197362422944,0,0
2024-01-03 13:05:00,S010,3.204873058050393,125.37363152403981,13.011564621350178,0,0
2024-01-03 13:10:00,S004,3.6752043400739014,91.56038745700994,24.113202543388063,0,0
2024-01-03 13:15:00,S007,2.98852720309593,109.12040701739423,19.05001294318052,0,0
2024-01-03 13:20:00,S002,3.370967838864451,190.39058723728394,20.08376030941292,0,0
2024-01-03 13:25:00,S006,3.426897339769447,101.2770928247138,23.108124332815276,0,0
2024-01-03 13:30:00,S005,3.159783459570752,146.59348691714203,15.714277675352125,0,0
2024-01-03 13:35:00,S002,3.0748230489208774,82.44991664462405,16.63866018899223,0,0
2024-01-03 13:40:00,S004,2.7991173966378025,89.67077250007861,17.55320472267829,0,0
2024-01-03 13:45:00,S006,3.1991744389877335,116.80797889668084,10.218507321269183,0,0
2024-01-03 13:50:00,S007,3.4076342778108075,83.0731459122124,19.384761841409148,0,0
2024-01-03 13:55:00,S005,3.4065389795721566,164.55384040254808,17.851020563830122,0,0
2024-01-03 14:00:00,S007,3.1627505572029317,74.50501375976303,12.76688576589825,0,0
2024-01-03 14:05:00,S006,3.0776539042345448,178.2208668198892,24.286229589949656,0,0
2024-01-03 14:10:00,S010,2.7179900386307563,125.85451156720609,10.930621254348315,0,0
2024-01-03 14:15:00,S003,3.8170502692666854,133.68105134901097,24.396865306072755,0,0
2024-01-03 14:20:00,S006,3.733508667185271,185.41456819467632,17.873499800887572,0,0
2024-01-03 14:25:00,S008,2.9449187232356397,61.5781295339702,12.54830609828586,0,0
2024-01-03 14:30:00,S009,2.7491122785002706,58.86587313134818,20.360894726698945,0,0
2024-01-03 14:35:00,S002,3.5085847191980566,75.48088916067145,10.831238326633667,0,0
2024-01-03 14:40:00,S009,3.1231645008881346,53.60075672673333,15.030574093261936,0,0
2024-01-03 14:45:00,S003,3.9517041064727274,132.4796267546597,24.447385405976,0,0
2024-01-03 14:50:00,S005,2.6454485064481372,76.85474561623757,21.962710679447287,0,0
2024-01-03 14:55:00,S002,2.997979707149054,167.24488370798707,16.555772827632815,0,0
2024-01-03 15:00:00,S003,3.988771930242957,86.10057721357296,23.11461001205621,0,0
2024-01-03 15:05:00,S009,3.446076166737894,160.95243466446624,19.184136485408086,0,0
2024-01-03 15:10:00,S007,2.908975970968727,159.7343179341701,15.58180322862548,0,0
2024-01-03 15:15:00,S001,3.9357954452788517,183.5207080170371,19.784126663485754,0,0
2024-01-03 15:20:00,S007,1.0169918606976558,109.80989202102006,19.492039159922605,0,1
2024-01-03 15:25:00,S006,3.819402245067643,186.05629406225327,24.8729916374108,0,0
2024-01-03 15:30:00,S007,3.225703809790971,112.75843000675002,15.367168740033897,0,0
2024-01-03 15:35:00,S001,3.4838549696475996,79.82210914061045,14.725157607751369,0,0
2024-01-03 15:40:00,S008,2.881810814382492,120.9541255014531,10.64972909881468,0,0
2024-01-03 15:45:00,S005,3.35108641623411,169.4365414184581,21.02537779284735,0,0
2024-01-03 15:50:00,S007,2.9759582161307296,186.793937629945,10.9139308258108,0,0
2024-01-03 15:55:00,S010,2.509696536684566,124.43588328512209,14.284389828433646,0,0
2024-01-03 16:00:00,S002,3.912211356259098,76.16139006672492,17.07474236125893,0,0
2024-01-03 16:05:00,S001,3.042470642261567,68.806302385081,13.804191562895625,0,0
2024-01-03 16:10:00,S001,3.7924973270486513,136.56756235818597,23.359876831927636,0,0
2024-01-03 16:15:00,S003,3.4174696290849886,94.3621343892531,13.836155523224505,0,0
2024-01-03 16:20:00,S008,2.8702855413935993,95.96231740265546,18.327006801297827,0,0
2024-01-03 16:25:00,S009,2.622362388417049,63.16823555872399,12.577441905364877,0,0
2024-01-03 16:30:00,S008,3.100469254259491,171.77991860155697,10.207932038692903,0,0
2024-01-03 16:35:00,S009,2.9403021886879905,89.89965396389869,14.991713034411934,0,0
2024-01-03 16:40:00,S005,1.7271512556681285,245.6443117070324,20.185999067434558,0,1
2024-01-03 16:45:00,S008,3.457733177198703,97.96147931115424,10.85675745055665,0,0
2024-01-03 16:50:00,S005,2.707187939710371,178.8667636470375,17.5008738878663,0,0
2024-01-03 16:55:00,S008,2.5604334186018134,126.83220615155774,20.20719193786561,0,0
2024-01-03 17:00:00,S007,2.6255874067680227,107.8909266405391,15.609207017186012,0,0
2024-01-03 17:05:00,S002,2.9928372248286976,58.169907105025636,12.736870609787351,0,0
2024-01-03 17:10:00,S010,3.5891668890169557,105.04421105108007,12.208406116157754,0,0
2024-01-03 17:15:00,S005,2.8483370363520146,110.798804097043,14.037423564874437,0,0
2024-01-03 17:20:00,S008,3.7378170568894467,169.2587026409197,14.855962384156355,0,0
2024-01-03 17:25:00,S003,3.9344378222700422,106.50146606441936,15.088609917607545,0,0
2024-01-03 17:30:00,S008,3.7185860862792266,62.36089577929223,18.99951787391599,0,0
2024-01-03 17:35:00,S007,3.7858464060546866,164.69764255773103,12.200426710227724,0,0
2024-01-03 17:40:00,S009,2.580658467492975,150.40354763611225,13.469198924739331,0,0
2024-01-03 17:45:00,S003,2.765690716297381,50.77094413783404,16.681142816586803,0,0
2024-01-03 17:50:00,S007,3.6277377189350215,171.79193519568253,24.186245533388952,0,0
2024-01-03 17:55:00,S009,3.9798446711716156,139.67599802685274,11.229486019654933,0,0
2024-01-03 18:00:00,S003,2.7532876950555925,58.045218728124624,20.761974859178682,0,0
2024-01-03 18:05:00,S007,2.752417882761569,175.46632887048045,18.233644474601075,0,0
2024-01-03 18:10:00,S009,2.3106859732152523,143.51848639881968,21.895945425559837,1,0
2024-01-03 18:15:00,S001,2.9563627957407936,70.88702668911642,19.18012794939183,0,0
2024-01-03 18:20:00,S006,3.024694092711388,179.3744761102378,13.496092178362524,0,0
2024-01-03 18:25:00,S009,1.5285407442068029,218.5110660669936,18.739429690605483,1,0
2024-01-03 18:30:00,S009,2.757394550597785,75.11896167769828,16.938903206577297,0,0
2024-01-03 18:35:00,S009,2.707557392080835,197.4109311365579,13.749593363032446,0,0
2024-01-03 18:40:00,S008,3.2950936825775985,120.1970693717065,16.160638680874992,0,0
2024-01-03 18:45:00,S002,3.473120670842527,112.84546606692865,16.87042924875803,0,0
2024-01-03 18:50:00,S005,3.4911977945363653,161.95443264698622,14.673576093733434,0,0
2024-01-03 18:55:00,S003,2.582099060387479,80.63631595526434,16.280427149915262,0,0
2024-01-03 19:00:00,S004,3.269469024731361,92.20894732582445,22.333421688655157,0,0
2024-01-03 19:05:00,S001,3.586043783159382,189.3211941031828,16.458037313695556,0,0
2024-01-03 19:10:00,S002,2.609505389349441,161.6042870521515,20.66501442924717,0,0
2024-01-03 19:15:00,S006,2.662043436237369,84.89549575801624,21.253911911309732,0,0
2024-01-03 19:20:00,S008,3.7036026766769865,101.1866674636581,16.6627511031755,0,0
2024-01-03 19:25:00,S002,3.799053512568635,51.48660432367305,21.670694597247987,0,0
2024-01-03 19:30:00,S008,2.981086786689936,134.36440611768813,14.191679609783538,0,0
2024-01-03 19:35:00,S001,3.7862959116278856,64.60503406868317,20.59557995214994,0,0
2024-01-03 19:40:00,S010,2.852131632587457,172.83039057807073,15.059959132686483,0,0
2024-01-03 19:45:00,S001,3.927095292968659,70.5531365054481,18.06376938538849,0,0
2024-01-03 19:50:00,S009,2.9370416092566165,112.60921734937219,15.653003205207828,0,0
2024-01-03 19:55:00,S003,2.9952339254734066,66.02010560035454,24.301043190731427,0,0
2024-01-03 20:00:00,S001,2.971943363402798,151.10263023259512,22.664722962285737,0,0
2024-01-03 20:05:00,S007,2.685769040058726,60.580345638943484,23.641442555288148,0,0
2024-01-03 20:10:00,S006,2.6167847794131545,193.31722871571012,13.704417504878387,0,0
2024-01-03 20:15:00,S006,2.519843219357941,126.7670684854221,21.54163869132335,0,0
2024-01-03 20:20:00,S009,3.7044719519636558,197.11907081218772,19.08889293121371,0,0
2024-01-03 20:25:00,S004,3.631805373853691,116.81793946014318,18.883320989971608,0,0
2024-01-03 20:30:00,S001,3.255017695909231,169.4660842285216,21.09203849858091,0,0
2024-01-03 20:35:00,S005,3.1022464158473144,168.96928069445846,13.30763180704972,0,0
2024-01-03 20:40:00,S007,2.891377869475252,195.44239083565068,21.020628553975385,0,0
2024-01-03 20:45:00,S009,3.5589343548700105,125.55329139923583,22.437259604262096,0,0
2024-01-03 20:50:00,S010,3.651954967092747,144.2849600970925,19.498948024141157,0,0
2024-01-03 20:55:00,S007,3.8312034103193238,143.815017524989,22.12402316824417,0,0
2024-01-03 21:00:00,S004,3.45346798292892,103.39366602059607,12.227601724655212,0,0
2024-01-03 21:05:00,S001,3.138996279202642,195.16142372505735,19.866480749089,0,0
2024-01-03 21:10:00,S009,3.2891237776261044,163.8966282725308,20.689984284798165,0,0
2024-01-03 21:15:00,S010,2.7702379715989287,66.47946706111745,23.255259515319846,0,0
2024-01-03 21:20:00,S006,2.608415421359765,136.36787941616174,22.80481823411668,0,0
2024-01-03 21:25:00,S005,3.08021086307782,62.08712184297704,12.20744876642418,0,0
2024-01-03 21:30:00,S005,3.7733858042141093,109.59072092606895,13.683259389167366,0,0
2024-01-03 21:35:00,S001,2.74254182991098,194.8748479577499,13.086915654841325,0,0
2024-01-03 21:40:00,S007,2.9235518785639845,62.14306041735322,23.149207405238375,0,0
2024-01-03 21:45:00,S002,2.8018956822017085,183.53549326936565,11.723595150428654,0,0
2024-01-03 21:50:00,S008,3.39614386386013,182.13427408171287,10.744088625242242,0,0
2024-01-03 21:55:00,S005,3.8089388282288446,63.0663934192151,17.310766625080642,0,0
2024-01-03 22:00:00,S001,3.167278649241311,123.35726006739249,15.27474808512858,0,0
2024-01-03 22:05:00,S001,3.146287413073406,96.8287825679582,20.876667398999743,0,0
2024-01-03 22:10:00,S008,3.690902700177777,191.14884838616555,19.348155596020106,0,0
2024-01-03 22:15:00,S006,3.092580006785194,57.689518876399724,16.028144068551093,0,0
2024-01-03 22:20:00,S007,3.035473644202996,145.2116211656044,12.796297072809619,0,0
2024-01-03 22:25:00,S010,3.39465093193849,122.70342754044611,10.40301481067403,0,0
2024-01-03 22:30:00,S004,3.5726875297253318,193.57022488096942,16.406575680405147,0,0
2024-01-03 22:35:00,S001,3.560918367858501,87.82593162432948,16.700897030539608,0,0
2024-01-03 22:40:00,S004,2.5806729462660667,53.31287679517696,15.36941791799147,0,0
2024-01-03 22:45:00,S002,2.7297167501259345,159.21746560042496,19.003771151493744,0,0
2024-01-03 22:50:00,S004,3.1274366666402287,96.41191923056665,24.050868337802353,0,0
2024-01-03 22:55:00,S004,2.679071517007295,99.17642568287275,22.236180709391814,0,0
2024-01-03 23:00:00,S007,3.333245920254447,137.5878933891703,13.104904018675873,0,0
2024-01-03 23:05:00,S007,3.7713214495821044,77.27264792560081,16.455197985583006,0,0
2024-01-03 23:10:00,S005,2.6786598038150746,71.08206919933144,14.297106066168755,0,0
2024-01-03 23:15:00,S009,3.3396169920005123,178.69023709959933,20.00391171188021,0,0
2024-01-03 23:20:00,S010,3.895247804293825,129.13819599082484,13.883564121897095,0,0
2024-01-03 23:25:00,S001,3.6878369856935937,171.73580065273222,17.23411000122315,0,0
2024-01-03 23:30:00,S002,3.069606107232473,142.579134067545,24.54728296950677,0,0
2024-01-03 23:35:00,S001,3.5816985360352356,77.56769976618517,14.92578249424908,0,0
2024-01-03 23:40:00,S009,3.11183441276092,91.94544777398093,12.045554912013488,0,0
2024-01-03 23:45:00,S008,3.6616292419094547,107.83303466019707,17.60028686281004,0,0
2024-01-03 23:50:00,S006,3.337256775835661,102.05035031182999,23.993015351899494,0,0
2024-01-03 23:55:00,S001,3.5870443813927366,175.4623394869785,22.937344328474513,0,0
2024-01-04 00:00:00,S010,2.5744922371895784,143.52787927612317,10.946595536733193,0,0
2024-01-04 00:05:00,S005,3.2770156470641467,142.1279366478517,13.54914674061261,0,0
2024-01-04 00:10:00,S008,3.6252298441472686,118.52267068342027,22.68501023648157,0,0
2024-01-04 00:15:00,S009,3.6531206970437693,59.291977786848186,18.652118794573838,0,0
2024-01-04 00:20:00,S004,3.1374302785936456,107.43247209262752,20.786134307662177,0,0
2024-01-04 00:25:00,S002,2.893612564733953,113.25689262888746,10.598837988456268,0,0
2024-01-04 00:30:00,S006,3.4806801266866927,102.52980215348285,19.25829374491687,0,0
2024-01-04 00:35:00,S007,3.6498939170680775,194.94114466222788,24.551116850000604,0,0
2024-01-04 00:40:00,S008,3.275814141540294,177.22722474199207,20.277617699166708,0,0
2024-01-04 00:45:00,S006,2.75463880208924,64.34610440355739,16.287042616630824,0,0
2024-01-04 00:50:00,S005,2.746898910549362,59.58196511463542,14.760832750418277,0,0
2024-01-04 00:55:00,S010,3.2721132906351698,64.93695703100434,10.240422346826847,0,0
2024-01-04 01:00:00,S006,3.5423775696722615,51.58266836752848,15.911352291617547,0,0
2024-01-04 01:05:00,S007,3.372582291210215,164.95208196569786,16.096248048610278,0,0
2024-01-04 01:10:00,S010,3.57885162856622,90.73256827662286,14.743226838449951,0,0
2024-01-04 01:15:00,S007,3.640600100931224,151.4597553365009,14.514494794474325,0,0
2024-01-04 01:20:00,S001,1.619930262291557,183.4780166628748,24.163132575191614,1,0
2024-01-04 01:25:00,S007,2.8136460468844215,69.55296950648983,13.053023108303446,0,0
2024-01-04 01:30:00,S005,2.9768570106599253,51.31658179218942,15.731993632389816,0,0
2024-01-04 01:35:00,S009,3.3075446531515342,186.98445294189057,15.819591315968296,0,0
2024-01-04 01:40:00,S002,3.6271349762969542,191.20015891803524,20.149258503287598,0,0
2024-01-04 01:45:00,S004,1.066342291684547,133.10133044867644,19.412018481491092,0,1
2024-01-04 01:50:00,S005,3.0986891506674494,86.33857363771511,13.052319918329687,0,0
2024-01-04 01:55:00,S008,3.0082195324072725,110.772283051761,13.58521801998915,0,0
2024-01-04 02:00:00,S005,2.7709863119669547,192.15292655964194,13.281575626163196,0,0
2024-01-04 02:05:00,S004,3.2338408821248787,70.00167009745556,13.638164148744561,0,0
2024-01-04 02:10:00,S004,2.9498940962095994,121.14629973026454,12.520300782890178,0,0
2024-01-04 02:15:00,S008,3.374960872276307,182.65151419569312,12.276143694295786,0,0
2024-01-04 02:20:00,S006,2.6162244606885787,92.34707513160802,18.779452425014668,0,0
2024-01-04 02:25:00,S008,3.4920140184170867,55.76013159895169,15.523751610926997,0,0
2024-01-04 02:30:00,S002,3.7852530245847644,120.03171486846566,15.395797928654044,0,0
2024-01-04 02:35:00,S004,3.9083154627134093,94.2418736063513,17.131954092536805,0,0
2024-01-04 02:40:00,S002,3.7944394349695276,122.0839911254402,11.031308596337311,0,0
2024-01-04 02:45:00,S010,3.7396969142382743,133.65330367781792,10.819154548202036,0,0
2024-01-04 02:50:00,S001,3.204110262983887,178.67866752762336,14.573546865775953,0,0
2024-01-04 02:55:00,S004,3.5730715257679826,195.98913245457376,13.021094638200283,0,0
2024-01-04 03:00:00,S002,3.7308169716189807,51.071312265236756,16.850958893287604,0,0
2024-01-04 03:05:00,S010,3.1905330597022403,156.45070152567865,24.755673748137276,0,0
2024-01-04 03:10:00,S001,2.922737504943208,77.64520954251486,10.590428197295942,0,0
2024-01-04 03:15:00,S009,2.783191041660167,112.16125965777428,24.037392001042342,0,0
2024-01-04 03:20:00,S002,2.5157698368124803,164.2834841566226,23.39956740682184,0,0
2024-01-04 03:25:00,S010,2.876310207574166,126.4484676205641,23.632981094785052,0,0
2024-01-04 03:30:00,S008,3.896497929568876,57.576108857420984,18.209571161720262,0,0
2024-01-04 03:35:00,S005,1.066490030027672,165.2973915595916,14.18512435521695,0,1
2024-01-04 03:40:00,S009,3.171327782659093,159.50025816212923,15.366321449405714,0,0
2024-01-04 03:45:00,S002,2.954829675766376,194.98376590708162,24.170610725087226,0,0
2024-01-04 03:50:00,S007,3.6912735179757754,143.78241875471574,24.06459669936853,0,0
2024-01-04 03:55:00,S010,3.9411194541570334,130.63102154605195,10.212949517075856,0,0
2024-01-04 04:00:00,S004,3.6230477176587326,81.9713178970905,23.007660316770284,0,0
2024-01-04 04:05:00,S007,3.108467889170856,75.37428407636303,24.661848447757638,0,0
2024-01-04 04:10:00,S008,2.588575216687408,90.74962870454831,11.556345153037846,0,0
2024-01-04 04:15:00,S003,3.417012484371589,105.64605688882536,21.582280414237573,0,0
2024-01-04 04:20:00,S009,3.6726697388930893,122.62595482451111,21.91021675398944,0,0
2024-01-04 04:25:00,S004,2.8574345058296373,83.65744696996933,17.567543860822536,0,0
2024-01-04 04:30:00,S007,3.266640732208597,116.82767217397418,24.50452771927473,0,0
2024-01-04 04:35:00,S007,3.8087799277440437,86.62213407603608,16.751647880275442,0,0
2024-01-04 04:40:00,S004,2.6386742755556,118.68504426906071,15.917190862582864,0,0
2024-01-04 04:45:00,S003,3.9372071797067445,87.14474646071581,15.220779332159807,0,0
2024-01-04 04:50:00,S009,3.833518285166439,74.0950418927826,12.595358046267465,0,0
2024-01-04 04:55:00,S006,2.6596176443542667,173.26286254780854,12.084534878299369,0,0
2024-01-04 05:00:00,S010,2.9811003734673567,78.8386877702138,14.642043236329013,0,0
2024-01-04 05:05:00,S010,3.283745213335883,146.1537286453032,21.794974830925607,0,0
2024-01-04 05:10:00,S003,3.410986625189599,63.286750945496614,20.153084137413646,0,0
2024-01-04 05:15:00,S010,2.9174014912281545,109.31274053635671,20.30784994703015,0,0
2024-01-04 05:20:00,S003,3.9067386999776006,151.57174500075038,11.785319567397117,0,0
2024-01-04 05:25:00,S001,3.430352273441681,131.72016279141474,11.88465238618471,0,0
2024-01-04 05:30:00,S006,3.6404923321062066,158.36170766953168,10.110878521664395,0,0
2024-01-04 05:35:00,S006,3.9646847941531154,193.19995353186033,22.00206374128114,0,0
2024-01-04 05:40:00,S006,3.0379920445396884,90.16887117839507,16.483465892567622,0,0
2024-01-04 05:45:00,S006,3.5308515151910242,96.92512962863302,10.91358314852774,0,0
2024-01-04 05:50:00,S004,2.8387594483350878,76.40371325617006,22.993493054015055,0,0
2024-01-04 05:55:00,S003,2.9408751407574005,116.94895399798419,20.90527790521201,0,0
2024-01-04 06:00:00,S009,2.656623054247177,135.34747914561842,17.972188694227313,0,0
2024-01-04 06:05:00,S006,3.352402924403153,91.19988046818581,17.11652371220761,0,0
2024-01-04 06:10:00,S007,2.7612350385930946,132.03217606811495,20.716895258286726,0,0
2024-01-04 06:15:00,S007,2.9446673316162295,189.44744115519924,11.869200785174911,0,0
2024-01-04 06:20:00,S009,3.330969230830121,94.69323969752982,16.826134532805767,0,0
2024-01-04 06:25:00,S006,2.9527000837917328,184.96146176133075,19.426104364614844,0,0
2024-01-04 06:30:00,S008,3.3660301018295016,146.96110628421334,16.875452191394594,0,0
2024-01-04 06:35:00,S006,2.627902512417516,179.92755633035443,17.487796763999956,0,0
2024-01-04 06:40:00,S002,2.830491090156374,65.48249733184994,18.77552753077993,0,0
2024-01-04 06:45:00,S009,2.9007161048059737,186.59974930758327,16.535080991834356,0,0
2024-01-04 06:50:00,S010,3.4322780860510727,82.97929345534652,16.672590390107942,0,0
2024-01-04 06:55:00,S005,3.9144741761067037,141.55640896725382,22.524606785244437,0,0
2024-01-04 07:00:00,S009,3.8985222124505663,178.73101864655447,12.559016869324665,0,0
2024-01-04 07:05:00,S008,2.9186957061614045,189.60083833435974,10.36966606954484,0,0
2024-01-04 07:10:00,S005,3.11184390605732,102.16736045733307,10.324683420204753,0,0
2024-01-04 07:15:00,S001,3.2713405168989667,130.87866192704496,13.82640149248569,0,0
2024-01-04 07:20:00,S004,2.5599219599291416,104.34402350003072,22.395854674008326,0,0
2024-01-04 07:25:00,S005,3.7874956476713875,119.54331115151747,21.764069489600754,0,0
2024-01-04 07:30:00,S004,3.287977396676082,59.90829617332401,24.588523534746052,0,0
2024-01-04 07:35:00,S010,3.5237675951743004,149.33482374943895,20.729834657937033,0,0
2024-01-04 07:40:00,S001,2.517876974467363,70.95385589044079,20.73603889616193,0,0
2024-01-04 07:45:00,S005,3.804028451488521,160.5239683627256,17.51560355476905,0,0
2024-01-04 07:50:00,S009,3.8156807014934317,86.47699703963389,18.258559518120464,0,0
2024-01-04 07:55:00,S003,3.4465740899053308,53.74761234227742,20.810876680400185,0,0
2024-01-04 08:00:00,S002,3.0135926849437897,131.97145415380646,11.370298640853338,0,0
2024-01-04 08:05:00,S004,2.7823482996535684,77.63729773590114,10.85503581327901,0,0
2024-01-04 08:10:00,S006,2.57350696745691,135.91554150304188,22.292435280790784,0,0
2024-01-04 08:15:00,S008,3.949838377832715,116.11085616263954,13.906046631818626,0,0
2024-01-04 08:20:00,S005,3.839670611983709,153.41257008069869,14.256969145623238,0,0
2024-01-04 08:25:00,S009,3.7879001604737472,194.40988757917086,19.42520676324167,0,0
2024-01-04 08:30:00,S003,3.403384453565886,98.34872367041373,21.65340622307309,0,0
2024-01-04 08:35:00,S002,2.584320858189818,162.12809551197574,22.762791359831432,0,0
2024-01-04 08:40:00,S001,3.147984057195161,54.95179038504909,24.309051287896132,0,0
2024-01-04 08:45:00,S007,2.763835425127993,85.30748928475364,17.41556216568637,0,0
2024-01-04 08:50:00,S010,3.638465247781046,125.09292985008965,23.676776685726573,0,0
2024-01-04 08:55:00,S006,3.8426148387427674,136.08937041844734,15.261664345154681,0,0
2024-01-04 09:00:00,S004,3.171957484573285,110.82075144956278,24.761341959497713,0,0
2024-01-04 09:05:00,S010,2.583167853555762,174.9551395911605,16.8670739883881,0,0
2024-01-04 09:10:00,S001,2.655212595469877,148.48440535994786,23.604782776573657,0,0
2024-01-04 09:15:00,S002,3.525962694872712,78.53418962302064,17.813286740510186,0,0
2024-01-04 09:20:00,S006,3.0035236009642627,136.18732963278194,17.721763523997016,0,0
2024-01-04 09:25:00,S003,2.6954806497585038,146.51434242759962,12.957744729520995,0,0
2024-01-04 09:30:00,S004,2.8552742058948195,74.74010402790967,11.86922594783687,0,0
2024-01-04 09:35:00,S004,3.524006728694139,144.31010225899894,13.99152052805963,0,0
2024-01-04 09:40:00,S003,3.7485865625528616,198.74365144418422,12.454243062074145,0,0
2024-01-04 09:45:00,S001,3.9784011009292004,153.00179175861942,13.654221879732914,0,0
2024-01-04 09:50:00,S003,3.7856454094148737,172.5660648750142,16.725197057869504,0,0
2024-01-04 09:55:00,S003,3.3601477380334916,64.75173823853197,16.739118204349747,0,0
2024-01-04 10:00:00,S010,3.606147162140683,87.92561010354339,11.009269193822718,0,0
2024-01-04 10:05:00,S002,3.5815819913468077,88.57285266636438,20.7908223336223,0,0
2024-01-04 10:10:00,S002,3.18661572574932,64.33386559375029,23.47219667230151,0,0
2024-01-04 10:15:00,S002,3.394065393216471,66.11758289433622,10.25369199882411,0,0
2024-01-04 10:20:00,S010,2.510564371936213,170.82440690483665,11.15193526430101,0,0
2024-01-04 10:25:00,S004,3.873721522286116,125.43132800983773,21.92665423790087,0,0
2024-01-04 10:30:00,S009,2.5926435794352996,160.15250530029437,17.826001282798686,0,0
2024-01-04 10:35:00,S010,1.9167054966817145,71.69252969937648,15.133382871683569,1,0
2024-01-04 10:40:00,S003,3.731273513894693,92.22159536763792,11.051030435817841,0,0
2024-01-04 10:45:00,S002,2.865562317856514,95.884221989228,17.247019683482492,0,0
2024-01-04 10:50:00,S008,2.760945558855008,104.18240884637177,19.55953234807036,0,0
2024-01-04 10:55:00,S007,2.9498114026660973,55.160481268018735,19.52394595176616,0,0
2024-01-04 11:00:00,S010,3.836532524450817,172.04132200510338,20.72429235327666,0,0
2024-01-04 11:05:00,S002,2.716468065531222,64.03391103685033,10.250073258994497,0,0
2024-01-04 11:10:00,S002,3.0178968280855796,75.91351343693148,19.329711851408113,0,0
2024-01-04 11:15:00,S003,3.7773721000258558,179.5684434447505,16.101606228580078,0,0
